company_name,domain,country,source,email,phone,address,description,profile_url
Consorzio per Valutazioni Biologiche e Farmacologiche (CVBF),cvbf.net,Albania,ichgcp,info@cvbf.net,+355 422 46082,"Rruga Prokop Myzeqari, 9 – 1000 Tirana Other Consorzio per Valutazioni Biologiche e Farmacologiche (CVBF)'s locations around the world","Consorzio per Valutazioni Biologiche e Farmacologiche – Dege e shoqerise se huaj, Albanian Branch Office, has been established in Tirana (Albania) in May 2015 acting as a full-service support to the overall clinical research strategy, offering one-stop local solutions to investigators, sponsors, Contract Research Organisations (CROs) and research institutions. Through research services such as medical writing (e.g. the preparation of study protocol and other documents), regulatory sciences (e.g. the preparation of regulatory applications), site management services (strategic research consultation and study feasibility assessment), project management, trial management (including study monitoring, data management, bio-statistics), it brings competences and internationally/European agreed standards on clinical research and regulatory sciences to a neighbouring non-EU country. List of CROs by location Europe North America Asia Africa South America Oceania Regulations Resources",https://ichgcp.net/cro-list/country/albania/company/consorzio_per_valutazioni_biologiche_e_farmacologiche_cvbf
Estudios Clínicos Latinoamérica (ECLA),eclainternational.org,Argentina,ichgcp,info@eclainternational.org,+54 341 4450210,"Paraguay 160, Rosario, Santa Fe, Argentina Other Estudios Clínicos Latinoamérica (ECLA)'s locations around the world","ECLA (Estudios Clínicos Latinoamérica) is an academic research organization (ARO) devoted to provide support and expertise for the conduct of clinical trials in Latin America since 1987. We provide academically oriented planning, coordination and management of international multicenter clinical trials. We facilitate start-up and operation of clinical trials with the goal of providing high quality clinical research services. List of CROs by location Europe North America Asia Africa South America Oceania Regulations Resources",https://ichgcp.net/cro-list/country/argentina/company/estudios_clinicos_latinoamerica_ecla
KLIXAR,klixar.com,Argentina,ichgcp,hello@klixar.com,+54 11 4552-0676,"Delgado 1553, 2nd floor, suite 8 (C1426BDY), Buenos Aires","Klixar is a privately owned Contract Research Organization (CRO), which combines the advantages of an agile company with local expertise and the professionalism and quality of a big CRO. The company was founded in 2007 by Enrique Gaubeca with the objective of providing support to CROs with no presence in Latin America and an alternative to both the pharmaceutical and biotech companies for the development of their drugs in the region. The company has operations in Argentina, Brazil, Colombia and Perú. Our presence in Mexico is strengthen through a partnership with a local CRO to assure the compliance with the regulations in the country. List of CROs by location Europe North America Asia Africa South America Oceania Regulations",https://ichgcp.net/cro-list/country/argentina/company/klixar
LAT Research,latresearch.com,Argentina,ichgcp,info@latresearch.com,,"Av. Congreso 2171, C1428BVE CABA","LAT Research is a privately owned full service Contract Research Organization (CRO). LAT was founded in 2010 to conduct the first full scale Clinical Trial on Chagas Disease for pediatric population.  We operate in Latin American countries and have vast experience in Pharmacology, Toxicology, Medical Writing and Quality Assurance. Since our foundation we have been involved in more than 50 studies and have worked with multiple Indications such as Infectology, Neurology, Rare Diseases and Oncology among others. LAT is the premier organization when conducting studies on Neglected Diseases, with have a longstanding relation with Local and International Scientific Leadership and a network of research sites, which are key for success. List of CROs by location Europe North America Asia Africa",https://ichgcp.net/cro-list/country/argentina/company/lat_research
LatinaBA,latinaba.com,Argentina,ichgcp,info@latinaba.com,,Echeverría 3989. 2 B CP C1430BTL. Buenos Aires,"LatinaBA is a Regional Contract Research Organization with more than 11 years in the market offering services in Latin America. We are experts in the region and have extensive experience conducting all phases of clinical trials including research with Medical Devices, Observational and RWE studies and Clinical Trial Oversight. LatinaBA has successfully delivered projects since 2009 with a team of qualified and experienced personnel merged with our deep knowledge of key stakeholders in the Region. Our size enables us to provide a personalized attention and flexibility to adapt to Sponsor´s need. We make a professional commitment to the work we undertake and make ourselves accountable for it. List of CROs by location Europe North America Asia Africa South America Oceania",https://ichgcp.net/cro-list/country/argentina/company/latinaba
ReSolution Latin America,resolutioncrs.com,Argentina,ichgcp,,+54 11 4784 4710,"Av. Congreso 1534 (3rd Floor),Capital Federal, C1428BUB,Buenos Aires, Argentina","ReSolution Latin America’s Management Team brings with it considerable experience in clinical development gained from positions held in prestigious international companies having been based in Europe, the Unites States and Latin America, both in the pharma and CRO industries. We have a successful track record of managing all aspects of the CRO business in Latin America and of implementing a variety of clinical protocols in the region. We are united by our commitment to raising the standards of clinical research in Latin America. Our mission is simple enough: to offer our clients the highest standards of clinical research in Latin America thereby continuing to make it a territory of choice, not must, for clinical research. List of CROs by location Europe North America Asia Africa South America Oceania Regulations",https://ichgcp.net/cro-list/country/argentina/company/resolution_latin_america
Gurus LLC,gurus.am,Armenia,ichgcp,info@gurus.am,+374 11 585555,"51 Aharonyan Str., Yerevan, Armenia","Gurus is Armenia’s leading Contract Research Organization (CRO), offering comprehensive expertise in clinical data management, statistical programming in SAS and R, and biostatistics. Founded with a vision to deliver high-quality biometrics services, Gurus has grown into a trusted partner for biotechnology, pharmaceutical companies, and CROs worldwide. The company’s commitment to precision, operational efficiency, and client satisfaction has enabled it to excel in the competitive clinical research landscape. With a dedicated team of experts across four branches, Gurus delivers accurate, reliable, and timely solutions, ensuring long-term collaborations and unparalleled support throughout clinical trials and research projects. List of CROs by location Europe North America Asia Africa South America Oceania",https://ichgcp.net/cro-list/country/armenia/company/gurus_llc
PASPIGIONI,paspigioni.com,Armenia,ichgcp,admin@paspigioni.com,+995 599 80 03 41,"39 Acharyan Street, apt. 130, Yerevan 0022, Armenia Other PASPIGIONI's locations around the world","Paspigioni is a premier partner in the dynamic world of pharmaceutical and biotechnology research. As a leading full-service Contract Research Organization (CRO), we specialize in guiding esteemed pharmaceutical and biotech companies through every phase of clinical trials – from inception to completion – across the diverse landscapes of Georgia, Armenia, Uzbekistan and Ukraine. Expertise: Harnessing our profound knowledge and extensive experience, we stand as an invaluable resource for sponsors navigating the intricacies of drug development. Our team's expertise spans a myriad of therapeutic areas, ensuring tailored support for each unique project. Regional Coverage: With a strategically cultivated network of partnerships spanning the vibrant territories of Georgia, Ukraine, Armenia, and Uzbekistan, we offer an unparalleled geographical advantage. Seamlessly navigating regulatory landscapes and cultural nuances, we facilitate smooth and efficient trial execution. Commitment to Excellen",https://ichgcp.net/cro-list/country/armenia/company/paspigioni
Soleil Partout,cro.am,Armenia,ichgcp,info@cro.am,+374-91 45-65-13,"34a Abovyan str. #18 0002, Yerevan","Soleil Partout is the FIRST and ONLY LOCAL Contract Research Organization organizing multicenter international clinical studies in Armenia. We support pharmaceutical and biotechnology companies, as well as global CROs to conduct clinical trials in Armenia since 2011. We provide full Contract Research Services in clinical trials as well as Marketing Authorization process. Our Vision to provide our clients high quality services based on our in-depth knowledge of international and local regulations, long-term relationships with local medical institutions, and a network of investigators in diverse therapeutic areas. Our Mission to be the leading contract research organization in Armenia and within the region based on consistent quality of execution and constant innovation. Our Values QUALITY EFFICIENCY TEAMWORK",https://ichgcp.net/cro-list/country/armenia/company/soleil_partout
STATECS LLC,statecs.com,Armenia,ichgcp,info@statecs.com,+374 11 666101,"60 apt., 25 bld., Ajaphnyak 16 district , Yerevan, Armenia","STATECS is a leading international CRO, providing advanced data analytics, clinical research, healthcare technology solutions, and other related services to pharmaceutical, biotechnology, and other industry-related companies. We have successfully managed big and small projects for some well-known companies from Europe, Asia, and America (e.g. the UK, China, the US., etc.). At STATECS we support our clients every step of the way: from the early phase of research and analysis to submitting and getting CDISC compliant. List of CROs by location Europe North America Asia Africa South America Oceania",https://ichgcp.net/cro-list/country/armenia/company/statecs_llc
Tonus-Les,tonusles.am,Armenia,ichgcp,rnd@tonusles.am,+374 60 48 0076,"2, 1 Varshavyan St, Yerevan","“Tonus-Les” operates since 2010. For over 20 years it is the official representative of the leading pharmaceutical companies in Armenia and carries out wholesale and retail sales of medicines, food supplements and medical devices. Operating in the Armenian pharmaceutical market it showed itself as a dynamically developing company that responds to the needs of the pharmaceutical market to its full. Being well acquainted with the current situation of the global and local market, with the needs of manufacturers and with the industry development imperatives, founders of “Tonus-Les” LLC set out to create a complex for clinical studies. The complex is furnished with all necessary equipment and supplements and ready to accept its first volunteers. “Tonus-Les” LLC offers a full range of clinical research services for the pharmaceutical and CRO industries including: study development protocol development Case Report Form (CRF) design & distribution volunteers recruitment regulatory management p",https://ichgcp.net/cro-list/country/armenia/company/tonus_les
TUNECT,tune-ct.com,Armenia,ichgcp,info@tune-ct.com,,"45 Orbeli St., Yerevan 0028, Armenia Other TUNECT's locations around the world","TUNECT is a specialized CRO, biometrics partner, and functional service provider supporting pharmaceutical and biotechnology companies, as well as other CROs, across clinical development. Our core services include Biostatistics, Statistical Programming (SAS/R), Clinical Data Management, CDISC implementation (SDTM, ADaM, Define-XML, SDRG/ADRG), and Medical Writing. We support clinical studies from protocol and database design through database lock, statistical analysis, TFL production, and clinical study reporting, including Phase I–IV studies, BE/BA studies, RWE projects, and DMC/DSMB activities. TUNECT combines senior technical expertise with transparent, traceable workflows, structured QC and validation processes, and flexible project-based and FSP delivery models. Our teams work across multiple time zones and can operate either as an integrated extension of a sponsor or CRO team or as an independent functional provider. Over our first five years, we have also developed a network of ",https://ichgcp.net/cro-list/country/armenia/company/tunect
ASCEND CLINICAL,ascendcro.com,Australia,ichgcp,info@ascendcro.com,,"Level 9, 123 Epping Rd, Macquarie Park NSW 2113","Evolving Upwards Together. With nearly 40 years of experience serving leaders in medical device technology, our team is dedicated to lifting every aspect of your trial, from early protocol design to speedy approvals, data monitoring & collection and beyond. We combine an Australia-based CRO foundation with global reach, and CRC's available across Australia, New Zealand, & Asia, ensuring we meet the requirements for US FDA Clinical Trials, European CE mark and other international regulations. World Class Data Delivery, Streamlined Monitoring, Speed to Enrollment & Senior Level Support including field support, proctors and more. Staff in all states of Australia, New Zealand and all of Asia. List of CROs by location Europe North America Asia Africa South America Oceania Regulations Resources",https://ichgcp.net/cro-list/country/australia/company/ascend_clinical
Australian Healthcare Solutions,australianhealthcaresolutions.com.au,Australia,ichgcp,,+61 (0) 400 007 127,"Suite 6, Burke Office Suites, 424 Burke Rd, Camberwell VIC 3124,","At Australian Healthcare Solutions, we believe in medical technology that changes lives for the better.  Australian Healthcare Solutions was founded from the desire to assist companies achieve their vision of delivering credible, safe and cost-effective medical technology. Australian Healthcare Solutions is based in Australia.  We are a niche Contract Research Organisation (CRO) offering the full spectrum of services required to run device trials in Australia and New Zealand. At AHS we work with domestic clients and clients based internationally.  We have particular experience in partnering with medical device clients based out of the USA and have developed specific service offerings to assist these international clients successfully and cost efficiently undertake clinical trials in Australia. Find out how we can assist you with your medical device clinical trial: Clinical Trial Services Field Clinical Support Services International Clients List of CROs by location Europe North America",https://ichgcp.net/cro-list/country/australia/company/australian_healthcare_solutions
Avance Clinical,avancecro.com,Australia,ichgcp,media@avancecro.com,+61 8 8249 4788,es,"With our team of experienced personnel and state-of-the-art technology, we are the premier CRO of choice in Australia offering a full suite of services in-house. Avance Clinical's clinical and data capabilities cover all phases and therapeutic areas of drug development. Operates as an efficient multiservice CRO Collaborates with clinical Phase I sites All co-located in Institutions: access to patients in line with their specialities, including oncology Strong experience in both early and late stage studies Demonstrated history of success and reputation EMA and FDA inspected. List of CROs by location Europe North America Asia Africa South America Oceania Regulations Resources",https://ichgcp.net/cro-list/country/australia/company/avance_clinical
Biointelect Pty Ltd,biointelect.com,Australia,ichgcp,requests@biointelect.com,+61 1300 800 984,"4/143 Macquarie Street, Sydney, NSW 2000","Leading consulting firm in Life Sciences Sector. Provides end to end services for commercialisation of product. At Biointelect, we ensure you navigate the right path to market for new health technologies by providing industry-leading commercialisation consulting at each stage of the development pathway. Our services extend from product development strategy, clinical affairs and director services, commercialisation and regulatory strategy, to market access pathways and government and health policy. Our Clinical Research Services Biointelect in partnership with the expertise of CR2O, stands at the forefront of clinical trials in Australia and globally. Biointelect delivers expertise in quality clinical trial execution and comprehensive CRO capabilities. Our expert team addresses all of your clinical trial needs and challenges throughout your product development life cycle. We collaborate closely with you to ensure the seamless execution of even the most intricate product development plan",https://ichgcp.net/cro-list/country/australia/company/biointelect_pty_ltd
Clinical Research Australia,clinicalresearch.com.au,Australia,ichgcp,,+61 8 9448 7376,"38 Arnisdale Road, Duncraig Western, Australia 6023","Clinical Research Australia is a contract research organisation located in Perth, Western Australia. We specialise in conducting clinical trials on natural treatments to enhance mental and physical well-being. Our Mission Statement: “To provide an efficient, ethical, and high-quality research service that supports the continued growth of the nutraceutical industry and builds trust with consumers."" ""We strive to develop personalised, long-lasting, and mutually-beneficial relationships with our trial sponsors, with the goal of contributing to their success.” All our clinical trials are conducted in accordance with the: Guidelines for Good Clinical Practice (CPMP/ICH/135/95); National Statement on Ethical Conduct in Human Research; Declaration of Helsinki; Australian Code for the Responsible Conduct of Research, 2018. List of CROs by location",https://ichgcp.net/cro-list/country/australia/company/clinical_research_australia
CMAX,cmax.com.au,Australia,ichgcp,cmax@cmax.com.au,+61 8 7088 7900,"Level 5, 21-24 North Terrace Adelaide, South Australia 5000","CMAX is one of Australia’s largest and most experienced Phase I-II clinical trial units. Centrally positioned in Adelaide, South Australia, CMAX is located opposite the Royal Adelaide Hospital and adjacent to the innovative BioMed City precinct. Operating for more than two decades, CMAX conducts successful world-leading research for local and international clients, specialising in a range of early-phase trials and first-time-in-human studies. Our expert team comprises full-time staff, many long-serving, and trained casual staff, which allows CMAX to operate 24 hours a day / 7 days a week. The team is proud that trials undertaken at CMAX have resulted in the advancement of global medicines and technologies, from cancer treatment and pain control to early warning bio-devices and hormone replacement therapies. List of CROs by location Europe North America Asia Africa South America Oceania",https://ichgcp.net/cro-list/country/australia/company/cmax
Complete Phase CRO,completephase.com,Australia,ichgcp,negin@completephase.com,+61490211633,"59 Head street, Brighton VIC 3186, Australia",Complete Phase CRO is a full-service Contract Research Organization (CRO) offering clinical trial solutions in Australia and New Zealand. List of CROs by location Europe North America Asia Africa South America Oceania Regulations Resources,https://ichgcp.net/cro-list/country/australia/company/complete_phase_cro
CROW Clinical,crowclinical.com,Australia,ichgcp,info@CROWclinical.com,,PO Box 35 Currumbin Queensland QLD 4223 Australia,CROW Clinical is a full-service Clinical Research Organization (CRO) servicing Australia and New Zealand. We are the only CRO that offers a dedicated team of Field Clinical Engineers (FCEs) or MedTech Engineers . Our specialty is supporting high-tech start up and emerging medical device companies. You can depend on us to be your reliable representatives and advocates in the clinical space. Our CRO team will become your ambassador throughout the full cycle of your medical device or biotech clinical trial. List of CROs by location Europe North America Asia,https://ichgcp.net/cro-list/country/australia/company/crow_clinical
EpiVets Australia Pty Ltd,epivets.com.au,Australia,ichgcp,info@epivets.com.au,+61 409 908 471,"520 Warree Road, Stuart Town Other EpiVets Australia Pty Ltd's locations around the world","EpiVets is a GLP/GCP-compliant Contract Research Organisation (CRO) specialising in veterinary product trials across New Zealand and Australia. We combine epidemiology-led study design, independent Animal Ethics Committees in both countries, and deep regulatory expertise to deliver farm-scale or companion animal, scientifically robust trials that produce registration-ready data trusted globally. Our Core Capabilities Trial Design & Protocol Development: Epidemiology-driven designs ensuring statistical power and defensible results. Trial Operations (GLP/GCP): Multi-site trials on farms, clinics, and facilities under GLP Mark of Competence (IANZ & NATA). Independent Ethics Approvals — In-house Animal Ethics Committees in New Zealand & Australia for faster, compliant approvals. Data Management & Analytics: Clean, auditable datasets and advanced analytics for registration-ready outputs. Regulatory Submission Support: Expertise across ACVM, and APVMA frameworks for smooth dual-market approv",https://ichgcp.net/cro-list/country/australia/company/epivets_australia_pty_ltd
InClin,inclin.com,Australia,ichgcp,busdev@inclin.com,+1 (650) 376-4000,"25/29 Berry Street Suite 210 North Sydney, NSW 2060 Australia Other InClin's locations around the world","InClin is a full service Contract Research Organization with offices in the San Francisco Bay Area and Sydney, Australia. We are a single source provider of an integrated full suite of clinical development services from Phase 1 through Phase 4, including project management, clinical monitoring, site and contract management, vendor management, data management, biostatistics, programming, drug safety, medical monitoring, medical writing, QA inspection readiness, as well as strategic consulting services. We believe that finding new treatments for diseases improves the quality of life for millions of people around the world. In helping those in need, we can help make the world a better place to live. Our goal is to partner with drug development sponsors with similar ideals to develop new and improved life changing therapies. List of CROs by location Europe North America Asia Africa South America Oceania Regulations",https://ichgcp.net/cro-list/country/australia/company/inclin
Nucleus Network,nucleusnetwork.com,Australia,ichgcp,,+ 61 3 8593 9800,"Level 1/484 St Kilda Rd Melbourne, Victoria, 3004 Australia","Nucleus Network is Australia’s largest Phase 1 clinical research organization and the only Phase 1 specialist globally with facilities in the USA and Australia. Since our establishment in 2004, Nucleus Network has conducted well over 1000 Phase 1 clinical trials for Biotechnology and Pharmaceutical Companies from across the globe, including China, Europe, Japan, South Korea, Taiwan and the USA. Our Australian Phase 1 facilities are in Melbourne and Brisbane, and our USA Phase 1 facility is in Minneapolis. Combined, our clinics offer over 200 beds. All three clinics are strategically co-located within leading medical, research and biotech precincts; the Alfred Hospital in Melbourne, the Royal Brisbane and Women’s Hospital in Brisbane, and Medical Alley in Minnesota. These precincts provide Nucleus Network with unique access to highly specialized ancillary services for the conduct of complex Phase 1 clinical trials. From specialist PD equipment for first in human studies in Melbourne, pu",https://ichgcp.net/cro-list/country/australia/company/nucleus_network
Pacific Clinical Research GroupTM (PCRG),pcrg.com.au,Australia,ichgcp,contact@pcrg.com.au,+61 2 9922 2627,"Level 36, 1 Macquarie Place Sydney NSW 2000 Australia; P.O Box A487, Sydney South NSW 1235","Pacific Clinical Research GroupTM (PCRG) has 18 years of consistent success, with 94% of our clients achieving their primary objective – whether it be clinical, regulatory or strategic/financial. The PCRG Chairman works full-time for the Company, and is an Australian-trained, Harvard-recruited Cardiologist with 25 years’ global clinical trial experience. Staff Based in Australia/New Zealand. All PCRG staff have many years, if not decades, of working only in Australia and/or New Zealand. This provides us with: A strong knowledge of Local Regulations and requirements; Unique understanding of local clinical trial culture, and nuances at particular clinical sites; Longstanding, close relationships with KOLs, sites, Ethics Committees, the TGA and MedSafe. All PCRG staff are employees, not sub-contractors. Additionally, staff retention rates are significantly higher than most CROs – currently, our clinical staff have a median of 5.8 years’ employment at PCRG. One of the first Australian CROs",https://ichgcp.net/cro-list/country/australia/company/pacific_clinical_research_grouptm_pcrg
Southern Star Research,southernstarresearch.com.au,Australia,ichgcp,,+61 (0)2 9011 6266,"1 Merriwa Street, Gordon NSW 2072 Australia;  PO Box 52, Gordon NSW","Southern Star Research is a leading Australian, privately owned, full-service Contract Research Organisation, specialising in providing clinical research services for pharmaceutical, medical device and biotechnology clinical trials. With a head office in Sydney, Australia, our operations are supported by a comprehensive framework of regionally based staff throughout Australia, New Zealand and The United Kingdom. This is complemented by our collaborative CRO partnerships in Europe, North America, Latin America and Asia, allowing Southern Star Research to successfully offer international capabilities to our clients. Southern Star Research’s experience is wide and varied across both study phase and therapeutic area, built through a diverse client profile, ranging from large multinational pharmaceutical companies to small biotechnology and medical device start-ups. Along with this we also support academic, investigator initiated and real world data studies. List of CROs by location Europe ",https://ichgcp.net/cro-list/country/australia/company/southern_star_research
Biomay,biomay.com,Austria,ichgcp,info@biomay.com,43  (0)1  /  7966296-100,"Vienna Competence Center, Lazarettgasse 19, 1090 Vienna, Austria","Biomay wants to be a worldwide leader in research, discovery and development of disease modifying allergy therapeutics. Our products will dramatically improve the quality of life of patients by offering long-term cure for their disease. We discover and develop recombinant allergy vaccines with a superior efficacy and safety profile. These innovative vaccines are based on cutting edge science for immunotherapy and prophylaxis that we generate in close cooperation with our academic partners. The clinical efficacy of our products is demonstrated under the highest medical standards. We cooperate with leading allergy specialists and industrial partners to revolutionize allergy treatment solutions for the patients’ benefit. Manufacturing of our own and our clients’ development products complies with the highest quality standards. Additionally, we support our clients by offering highly professional GMP contract manufacturing services. List of CROs by location Europe North America Asia Africa ",https://ichgcp.net/cro-list/country/austria/company/biomay
E&E CRO Consulting,ee-cro.com,Austria,ichgcp,,+43 1/786 03 12,"Hietzinger Hauptstraße 50/Top 10, 1130 Vienna","E&E CRO Consulting - Design, Planning and Execution of multicentre trials to current GCP and ICH EN ISO 14155 guidelines since 1991. Complete Project Organisation: Advice in Investigational Site Identification Preparation of Study specific documents National Competence Authorities and Ethic Committees’ Submissions Site & Data Management SAE reporting, Amendments, Notifications, Review Case Support Study Material Logistics & Device Accountability On-site Monitoring and Reporting",https://ichgcp.net/cro-list/country/austria/company/ee_cro_consulting
ZAK,zak-services.com,Austria,ichgcp,office@zak-services.com,+43 2236 392 135,"Triesterstraße 10 / Stiege 4 / Büro 412, A-2351 Wr. Neudorf","ZAK was founded in 1997 in Vienna as an independent Clinical Research Organisation (CRO). Starting from our core competence in the field of regulatory affairs, we continuously broadened our range of services. Currently our portfolio includes regulatory services, clinical operations, pharmacovigilance services and medical writing in various European countries. Simultaneously we established local representations in several European countries as well as stable and reliable networks of research partners, ensuring regional and global outreach. Throughout the years, ZAK has developed and maintained a client-focused and individual attitude in managing multinational clinical trials and research projects. List of CROs by location Europe North America Asia Africa South America Oceania Regulations Resources",https://ichgcp.net/cro-list/country/austria/company/zak
Clinical Research Organization Ltd. (CRO Ltd.),crobangladesh.org,Bangladesh,ichgcp,crobangladesh@gmail.com,,"House: 8/3, Road: 14 (New), Dhanmondi, Dhaka-1209","Clinical Research Organization Ltd. (CRO Ltd.) is the second oldest contract research organization in Bangladesh providing clinical and non-clinical research services to the pharmaceutical industry, physicians, researchers, scientists and other organizations in Bangladesh and beyond. CRO Ltd. specialized in clinical trials and has access to a clinical trial facility at a prime location in Dhaka city spreading approximately over 7,000 sq.ft. It has capabilities for conducting studies and phase I-III clinical trials, including those using antiviral drugs, anti-cancers drugs, immune modulators and prophylactic and therapeutic vaccines across different specialties of medical science. CRO Ltd. has conducted several clinical trials, including under international regulatory supervision. The organization is managed by a group of dedicated professionals. At CRO Ltd. all operations are driven in accordance with existing regulations. CRO Ltd. is approved by the Directorate General of Drug Adminis",https://ichgcp.net/cro-list/country/bangladesh/company/clinical_research_organization_ltd_cro_ltd
Archer Research,archerresearch.eu,Belgium,ichgcp,,+32 11 28 69 27,"Agoralaan A bis (BioVille), 3590 Diepenbeek","Archer Research is a Contract Research Organization based in the heart of Europe. Introducing: Our dynamic team of experienced research professionals eager to advise you and drive your project with the highest quality. FULL-SERVICE CRO Supporting every step of your clinical research. We offer high-quality services for consultancy, regulatory and clinical trial management, as well as data management, biostatistics and medical writing. SPECIALIZED IN MEDICAL DEVICES We deliver valuable clinical data for medical devices to meet the medical needs for the patient and to continuously monitor the quality and safety of the device during the device lifecycle. WITH A PERSONAL APPROACH Our dedicated monitors are a supportive extension of the study team. We are actively involved, enforcing our relationships and thereby reaching your project goals and timelines. List of CROs by location Europe",https://ichgcp.net/cro-list/country/belgium/company/archer_research
Cropha,cropha.com,Belgium,ichgcp,info@cropha.com,+32 10 45 48 93,"Clos de Profondval 15, B1490 Court-Saint-Etienne","CROPHA is an ambitious company. Since CROPHA was first established in Belgium in 2005, our focus has been on providing solutions dedicated to helping our global clients and partners maximize the returns on their human resource investment, in permanent or in/outsourced CRAs. Our company is energized and motivated by the ever-evolving needs of the Pharmaceutical/Medical Device and Clinical Research Industries. To accomplish our mission, we focus on providing a complete and comprehensive CRA training program, backed by in-field coaching and helpdesk support, as well as a web-based CRA evaluation system. We also offer a professional CRA placement ser vice to meet our clients’ in/outsourced/permanent CRA needs. List of CROs by location Europe North America Asia Africa South America Oceania Regulations",https://ichgcp.net/cro-list/country/belgium/company/cropha_cro
Data Investigation Company Europe (DICE),dice-cro.com,Belgium,ichgcp,mail@dice-cro.com,+32 2 465 76 50,"Het Hofveld 6F, B-1702 Groot-Bijgaarden","DICE is a CRO that is specialized in clinical study design, biostatistics, clinical data management, medical monitoring, medical writing and central imaging review. Our mission is  to enhance access to medical treatment by delivering excellence in the design and execution of clinical trials. At DICE, we aim to enhance access to medical treatment by delivering excellence in the design and execution of clinical trials. To ensure successful delivery of our projects, DICE is committed to five values: Service Our primary goal is to help our customers, our colleagues, and society. Excellence Dedicated to providing quality services, we strive to be the best in our field and provide you excellent results! Efficiency We maximize the utilization of our resources and execute tasks on time.",https://ichgcp.net/cro-list/country/belgium/company/dice
KasaConsult,kasaconsult.com,Belgium,ichgcp,portal@kasaconsult.com,+32 (0)16 80 81 51,"Ernest Ourystraat 5A bus 6, B-3320 Hoegaarden","KasaConsult is an international medium-sized Clinical Research Organization (CRO) based in Belgium. We provide added-value knowledge to Pharmaceutical, Biotechnology, Medical Devices and Diagnostic companies and allied industries (e.g. CRO) in order to facilitate market introduction and continuing compliance of products in Europe. Since 2000 we support our Clients, CROs and Investigators in a wide range of indications and study designs - and meet high quality standards in fulfilling your project's needs. We provide tailor-made Clinical Monitoring and Management, Regulatory, Auditing and Training services during the set-up, maintenance and closure of your clinical trials with pharmaceuticals, biotech products or medical devices. Our core activities cover BeNeLux, France, Germany and UK, whilst our network is operational throughout most of Europe. Our experienced and dedicated team is well acquainted with the multicultural diversity in Europe. Each team member is fluent in at least 3 lan",https://ichgcp.net/cro-list/country/belgium/company/kasaconsult
Quality Assistance,quality-assistance.com,Belgium,ichgcp,,+32 71 53 47 81,"Techno Parc de Thudinie 2, 6536 DONSTIENNES","Quality Assistance S.A. is a leading European Contract Research Organisation providing the pharmaceutical industry with all the analytical services required by EMA and FDA regulations for the development and marketing of innovative human medicinal products. The company holds a unique position on the market thanks to having all its laboratories on one site, 180 highly qualified professionals and more than 35 years’ expertise at the forefront of analytical sciences. List of CROs by location Europe North America Asia Africa South America Oceania Regulations Resources",https://ichgcp.net/cro-list/country/belgium/company/quality_assistance
AZD Brasil,azidusbrasil.com.br,Brazil,ichgcp,bdbrasil@azidusbrasil.com.br,+55 19 3829-6160,"Rua General Osório, 507 - Vila Martina Valinhos/SP - Cep. 13271-130","Azidus Brasil offers services and solutions to accelerate clinical trials and product registration. Our structure allows us to offer end-to-end services for all processes involved from the design of clinical trials to the early phases (Proof of Concept Studies, First in Human, Phase I, Interactions) of a clinical development to the later phases. (Phase IV Studies). With 23years’ experience in the global market, the Azidus Brasil works focused on offering efficient and quality solutions with the appropriate time to market needs. We are recognized for our regulatory expertise and the speed of our processes, at Azidus your clinical trial starts earlier. List of CROs by location Europe North America Asia Africa South America Oceania Regulations Resources",https://ichgcp.net/cro-list/country/brazil/company/azd_brasil
Brazilian Clinical Research Institute (BCRI),bcri.org.br,Brazil,ichgcp,contato@bcri.org.br,+55 11 5904 7339,"Alameda Campinas, 579 – 4º andar, Conj. 41 e 42 – Jardim Paulista – São Paulo/SP CEP: 01404-000","The Brazilian Clinical Research Institute (BCRI) is an academic research institution or, in English, Academic Research Organization (ARO), being the first ARO created in Latin America. Founded in 2008, it was created with the objective of improving, formalizing and professionalizing the operational and scientific aspects inherent to the development and conduction of clinical research; respecting the ethical principles and national and international regulations. BCRI is based on four pillars of excellence: Education, Ethics, Knowledge and Quality, all with a common goal, to improve the health and quality of life of patients in Brazil and Latin America. BCRI represents an extension in Latin America of the Duke Clinical Research Institute (DCRI), the largest Academic Research Organization (ARO) in the world. Its staff includes faculty members from relevant institutions, all of whom are prominent in the national and international arena. Created by clinical doctors and researchers, the BCRI",https://ichgcp.net/cro-list/country/brazil/company/brazilian_clinical_research_institute_bcri
Centro Paulista de Investigação Clinica (CEPIC),cepic.com.br,Brazil,ichgcp,cepic@cepic.com.br,+55 (11) 2271 3450,"Rua Moreira e Costa # 342 São Paulo, SP 04266-010","Since its founding in São Paulo in 2001, CEPIC - Centro Paulista de Investigação Clinica - has become one of the leading Brazilian centers in Clinical Research. In these 20 years of continuous working, our team participated in more than 150 national and international studies, running protocols in clinical phases 1, 2, 3 and 4 for many pharmaceutical companies. We have ongoing studies in Rheumatology, Vaccines, Neurology, Dermatology, Oncology, Gynecology, Endocrinology, Cardiology and Lung diseases. Our team has twelve world randomization records for including patients in clinical trials. CEPIC has been inspected three times by the Food and Drug Administration (FDA) and once by EMA (European Medicines Agency) with excellent results in all the inspections. List of CROs by location Europe North America Asia Africa",https://ichgcp.net/cro-list/country/brazil/company/centro_paulista_de_investigacao_clinica_cepic
Gon1 biotecnologia e pesquisa,gon1.com.br,Brazil,ichgcp,adm@gon1.com.br,+55 27 2464-0012,"Avenida Nossa Senhora dos Navegantes, 955 Sala 719 Ed. Global Tower, Vitória, ES, CEP 29050-335","Empresa especializada em P&D no segmento de suplementos alimentares e probióticos, atuando a mais de 12 anos no mercado, sendo responsável por pesquisas de grande relevância e pesquisas internacionais em parceria com Portugal, Espanha e Canadá. Atualmente além de nossa sede em Vitória / ES, possuímos uma planta piloto e de desenvolvimento no Cimatec Park em Camaçari/BA, e utilizamos os laboratórios do Cimatec para desenvolvimento de pesquisas (maior laboratório de biotecnologia da America latina). Company specialized in R&D in the food supplements and probiotics segment, operating in the market for more than 12 years, being responsible for highly relevant research and international research in partnership with Portugal, Spain and Canada. Currently, in addition to our headquarters in Vitória / ES, we have a pilot and development plant at Cimatec Park in Camaçari / BA, and we use Cimatec laboratories for research development (largest biotechnology laboratory in Latin America).",https://ichgcp.net/cro-list/country/brazil/company/gon1_biotecnologia_e_pesquisa
Raras CRO,rarascro.com,Brazil,ichgcp,,,"Av. Ibirapuera, 2033, suite 81  São Paulo/SP, 04029-10 Other Raras CRO's locations around the world","Raras CRO focuses on reducing the journey of healthcare companies to and from Latin America combining smart solutions and unmatched support managing your portfolio from pre-clinical to commercialization. Raras CRO was born from the merger of EUGEN, the only CRO in Uruguay, and  an experienced team trained by CRC( Cardiovascular Research Center), the largest medical device CRO in Brazil. A full-service, modern, high-tech CRO, driving fast and competitive drug and device development, bridging the gap from innovation to patients. With extensive experience conducting research in Latin America our group of scientists holds solid expertise in applying international quality standards to regional specificities. We have gone to the remotest locations to collect plants to be used as raw materials for certain therapeutics, engaged local communities in fair-trade supply deals and delivered all phases up to the Phase III trials that led to registration for the same medicines. No other CRO can trans",https://ichgcp.net/cro-list/country/brazil/company/raras_cro
Synova Health,synovahealth.com,Brazil,ichgcp,,,"146 Mário Giordano St, Paulínia, São Paulo, Brazil","Synova Health is a Full Service Contract Research Organization based out of Brazil, stemming from the country’s population pool of 210 million. We are the largest CRO in Latin America, born out of the Brazilian Bioequivalence Center CAEP and have become the “Go To” solution in the Pharma/Biotech Industry. Our well established databases, expansive networks in Technical, Scientific and Regulatory realms remain key to Brazil’s Clinical Trial Potential. Our global team of professionals are driven to facilitate and expedite the process of worldwide drug development. We strive to improve quality of life by reducing time to market while assuring the highest standards. List of CROs by location Europe North America Asia Africa South America Oceania Regulations",https://ichgcp.net/cro-list/country/brazil/company/synova
Bulgarian Association of Clinical Research (BACR),bacr-bg.com,Bulgaria,ichgcp,bacr@bacr-bg.com,+359 897 97 19 55,,"Bulgarian Association of Clinical Research (BACR) is a voluntary and independent non-governmental organisation, founded in 2003 in Sofia, Bulgaria. It is a local organisation representing the interests of pharmaceutical companies, contract research organisations (CROs) and professionals, involved in the field of clinical research in Bulgaria – regulatory and academic experts, healthcare professionals, investigators, lawyers, journalists, etc. BACR strives to ensure: High standard for the performance of clinical studies and compliance with the Bulgaria, EU and international regulations. The professonals’ right to participate in the creation of regulatory documents, compliant with the international requirements and practice. The possibility for the patients in Bulgaria to be treated with accessible, effective and safe medicines. The membership in BACR is voluntary and open to Bulgarian and foreign individuals and organisations, active in the clinical studies area. For high achievements i",https://ichgcp.net/cro-list/country/bulgaria/company/bulgarian_association_of_clinical_research_bacr
Bulgarian Organized Research Activities (BORA),bora-cro.com,Bulgaria,ichgcp,office@bora-cro.com,+359 899 813 206,"1618 Sofia, 12 Nov vek Str. ""Ovcha kupel"", Office 2","Bulgarian Organized Research Activities (BORA) is a CRO, founded in 2003 and located in Sofia, the capital of Bulgaria. Being a pharmaceutical and health orientated Consultant Company, which combines an effective result-driven approach with local expertise and international experience, BORA offers solutions in the clinical trials and regulatory affair activities of the medicinal products. With BORA, you can relay on us, in order your clinical trial and regulatory needs in Bulgaria to fulfill your growing objectives now and in the future. We offer operational and financial efficiency combined with speed, precision and adherence to the high quality standards of the ICH GCP Guidelines. We also provide trainings in the field of clinical trials and regulatory affairs. List of CROs by location Europe North America Asia Africa South America",https://ichgcp.net/cro-list/country/bulgaria/company/bulgarian_organized_research_activities_bora
Institute for Medical Research (IMR),imresearch.co,Bulgaria,ichgcp,aneta.piperkova@imresearch.co,+359 888 553 491,"45 Batcho Kiro Str., floor 3, Sofia 1202","Institute for Medical Research (IMR) is a full spectrum service provider in the area of clinical trials, health technology assessment and an excellent partner for validation of diagnostic studies and scientific projects. We are working with top professionals among the healthcare and the pharmacuetical industry. Our experience makes us a preferred partner for providing the best-in-class solutions. Headquartered in Sofia, we promote a high level of ethical and professional standards. Our experience makes us a preferred partner for providing the best-in-class solutions. We have built strong partnerships with pharmaceutical and biotech companies and we have worked with many of the leading healthcare professionals in Bulgaria. Thus we can successfully act as a connection between patients and pharma industry. We combine our belief in quality and customer care with a can – do spirit. IMR’s team has a deep knowledge in science of cancer, immunology and infectious diseases. List of CROs by loca",https://ichgcp.net/cro-list/country/bulgaria/company/institute_for_medical_research_imr
Lucerent,lucerent.asia,Cambodia,ichgcp,hello@lucerent.asia,,,"Lūcerent is a niche Contract Research Organization (CRO) focused exclusively on providing clinical services in Cambodia to pharmaceutical and non-profit organizations. Fully registered as a private limited company, all services are provided in-country by local staff, enabling our customers to efficiently navigate cultural and regulatory barriers. Our vision is to see positive transformation in Cambodia's healthcare system resulting in quality care and improved patient outcomes. Our corporate mission is to be the market leader in providing clinical trial services in Cambodia. Corporate  Commitment To increase the clinical research capacity of clinicians by providing opportunities for participation in Sponsor studies and trainings in ICH GCP; To promote the creation of national Cambodia GCP Guidelines for the protection of human subjects and integrity of scientific data. Corporate Values Integrity - we are honest, fair and trustworthy in all of our company activities and relationships; t",https://ichgcp.net/cro-list/country/cambodia/company/lucerent
Allphase Clinical Research,allphaseclinical.com,Canada,ichgcp,info@allphaseclinical.com,+1 613 287 0366,"770 Palladium Drive, 4th Floor Ottawa, ON K2V 1C8 Other Allphase Clinical Research's locations around the world","Allphase Clinical Research is a full-service, progressive, Contract Research Organization (CRO) providing high quality clinical development strategy and management services for early-stage to post-market programs. Allphase was founded with the mandate to become a highly trusted development partner providing intelligent, comprehensive and cost efficient options, and the highest quality product. We have achieved this through careful project team selection, a robust infrastructure, and a comprehensive understanding of the needs of our clients. Therapeutic product development is risky business, but much of the risk can be averted by selecting development partners that provide expert-level knowledge, experience, strategy, and support, and of course, who have a track record of success. Allphase is dedicated to reducing the risks associated with therapeutic product development while enhancing the impact of marketed therapeutics. Our highly effective team members are experts in drug developmen",https://ichgcp.net/cro-list/country/canada/company/allphase_clinical_research
Canadian Centre for Clinical Trials (CCCT),clinicaltrialscanada.com,Canada,ichgcp,info@clinicaltrialscanada.com,+1 289 597 0106,"8054 Yonge St suite #205, Thornhill, ON L4J 1W3","Canadian Centre for Clinical Trials is a contract research organization with more than a decade of experience, qualified experts, a personalized approach, and competitive prices. We will provide all tools to support your clinical trial all the way. In addition, CCCT conducts its own independent research program focused on chronic pain pharmaceutical and non-pharmaceutical treatments. Our team of medical research and clinical trials experts will help guide you through the process of clinical trial design, approval, and execution. List of CROs by location Europe North America Asia Africa South America Oceania Regulations",https://ichgcp.net/cro-list/country/canada/company/canadian_centre_for_clinical_trials_ccct
CMX Research Inc.,cmxres.com,Canada,ichgcp,trials@cmxres.com,+1 877-290-0018,"105 – 482 South Service Road East Oakville, ON L6J 2X6 Canada","CMX Research Inc. collaborates with an elite portfolio of clients. They range from domestic and large global Pharmaceutical organizations, emerging Biotech firms and Device companies. CMX is a niche CRO that started as a Site Management Organization (SMO) in 1992. CMX continues to maintain strong relationships with our sponsors and provide customer satisfaction. CMX has an established relationship with our network of investigators resulting in better than expected recruitment. With an active physician as CEO, CMX understands clinical issues that drive research and can be helpful in designing patient friendly protocols without sacrificing regulatory issues. Global Presence Canada China Finland France Germany Hungary Italy",https://ichgcp.net/cro-list/country/canada/company/cmx_research
Ethica CRO,ethicacro.com,Canada,ichgcp,info@ethicaCRO.com,+1 866 384 4221,"3551 St. Charles Blvd., Suite 501,  Kirkland, Quebec, H9H 3C4","Ethica CRO Inc. is a full-service Contract Research Organization (CRO) that conducts and manages ethical clinical research on drugs, biologics, medical devices and natural health products. Canadian life sciences companies pursuing market expansion to the United States and beyond rely on ethica CRO’s experience in the Canadian and American clinical research regulatory environment. ethica CRO’s full-service approach is ideal for small to mid-size innovative companies. Harness the valuable resources of a clinical research department and scientific advisory leadership team without the burden of headcount. List of CROs by location Europe North America Asia Africa South America Oceania Regulations",https://ichgcp.net/cro-list/country/canada/company/ethica_cro
Frontage Laboratories,frontagelab.com,Canada,ichgcp,info@frontagelab.com,+1 416-438-6727,es,,https://ichgcp.net/cro-list/country/canada/company/frontage_laboratories
Innovaderm,innovaderm.com,Canada,ichgcp,,+1 514 521 4285,"3530 Saint-Laurent boulevard, Suite 300 Montreal, Quebec, H2X 2V1","Innovaderm shares your mission of developing innovative treatments for patients living with skin diseases. With in-depth therapeutic expertise and our focus on dermatology, we are committed to the clinical development of the next generation of dermatology therapies. We provide comprehensive, full-service contract research organization solutions ranging from single to multicenter clinical trials. By partnering with Innovaderm, you make the choice to collaborate with a human-sized, agile and responsive company. List of CROs by location Europe North America Asia Africa South America Oceania Regulations Resources",https://ichgcp.net/cro-list/country/canada/company/innovaderm
Vantage BioTrials,vantagebiotrials.com,Canada,ichgcp,info@vantagebiotrials.com,+1 (514) 564-3466,"100 Blvd. Alexis-Nihon, Suite 405 Saint-Laurent, Québec, Canada H4M 2N9","Vantage BioTrials is a Contract Research Organization (CRO) that provides Phase I-IV clinical trial management services to international pharmaceutical, biotechnology, generic pharmaceutical and medical device companies. We believe that success is achieved through shared values, common objectives and a high level of trust & transparency whereby the following benefits can be realized: Common goals Streamlined communication Increased transparency and sharing of information Joint development of a strategic roadmap We are one of the only Canadian CROs named as an “Emerging Pharma Leader” by Pharmaceutical Executive Magazine for its lean management style and effectiveness in realizing project goals. We are experts in implementing Risk-Based Management through the use of Quality by Design (QbD) methodologies, which helps accelerate the conduct of a study, reduces overall risk and ensures that your trial is performed correctly, the first time! List of CROs by location Europe",https://ichgcp.net/cro-list/country/canada/company/vantage_biotrials
BOPAL,bopal.cl,Chile,ichgcp,,+56 995163080,,"BOPAL is an independent CRO (Contract Research Organization), based in Chile, dedicated to provide services to the Pharmaceutical and Biotechnology industry for the development of Phase I to IV Clinical Trials. We also help companies in their challenges related to Regulatory Affairs within the pharmaceutical market. 13 years of experience in the international pharmaceutical industry support us. We have worked for the most important multinational companies, specializing in clinical research and regulatory affairs. We work with the latest technologies and developments, very effective methodologies, and a 100% committed team. We are experts in clinical research, keeping an exhaustive control of all processes. We can make your project be several steps ahead of your competition. When innovation, technology, entrepreneurship, and personal growth come together, any project is possible. List of CROs by location Europe North America Asia Africa",https://ichgcp.net/cro-list/country/chile/company/bopal
Prospective Research Services (PRS),prs.cl,Chile,ichgcp,info@prs.cl,+56 2 2897 9204,"Av Providencia 1650, oficina 1004, Providencia, Santiago, Chile","PRS is a Contract Research Organization (CRO) headquartered in Chile and founded in 2014. We specialize in providing a diverse array of services to facilitate the initiation and advancement of clinical trials. What sets our services apart is our commitment to tailoring them to meet the unique requirements of each client. We employ a flexible work methodology that ensures efficient management of investigations. Our delivery adheres to the highest international standards of Good Clinical Practices (GCP) and the International Council for Harmonisation (ICH), with a steadfast focus on acquiring robust and reliable data. At PRS, our mission is to facilitate clinical research excellence by providing our clients with comprehensive, innovative, and reliable services. Our Core Values are INTEGRITY, EXCELLENCE, and COLLABORATION. At PRS, we are committed to conducting clinical research with the highest quality standards, compliance, and client satisfaction, providing: • Rigorous adherence to reg",https://ichgcp.net/cro-list/country/chile/company/prospective_research_services_prs
Thera Research,theraresearch.com,Chile,ichgcp,x.verdina@theraresearch.com,,,"Thera Research ltd. is a Clinical Research Organization (CRO) based in Chile specialized in Clinical Trials Management that offers full support in planning, running and reporting Phase I-IV Clinical Trials for pharmaceutical, biotechnology, generic drug, OTC/consumer healthcare and medical device companies. Experience in Inspections of the Local regulatory agency MoH/ ISP (Ministry of health/ Instituto de Salud Pública). Thera Research provides clinical trial services for medical research studies in all diseases, offering flexibility in response to our clients outsourcing demands. Thera Research assists you throughout the clinical trial processes, including but not restricted to: Site identification, strategic feasibility, site selection, strategic site partnerships, investigator qualifications, activation (local regulatory submissions, site contracting and clinical startup), patient recruitment follow up and site closure. Thera Research ltd. has a vast experience in facilitating the R",https://ichgcp.net/cro-list/country/chile/company/thera_research
Biomere,biomere.com,China,ichgcp,info@joinnlaboratories.com,+15084597544,"Locations in China: Suzhou, Beijing, Wuzhou and Chongqing Other Biomere's locations around the world","Biomere is a global, nonclinical contract research organization (CRO) with locations on the east and west coast, as well as multiple locations in China (JOINN). In addition to our rapidly growing ocular research program and gene therapy expertise, we offer stellar surgical services. Our surgical team, led by Ken Mullinix, M.S., U.S. Head of Surgical Services, specializes in CSF porting, medical device services and orthopedic spinal cord studies. Our mission is to facilitate the individual needs of each of our partners across the globe in making drug development more efficient because to us, it’s personal. Personal in supporting our clients, who develop cures and therapies which champion healthier lives, and personal to each Biomere employee who is passionate about their role in expediting our clients’ research. List of CROs by location Europe North America Asia Africa South America Oceania Regulations Resources",https://ichgcp.net/cro-list/country/china/company/biomere
Frontage Laboratories,frontagelab.com.cn,China,ichgcp,,+1 610-232-0100,,,https://ichgcp.net/cro-list/country/china/company/frontage_laboratories
H&J CRO International,hjcro.com,China,ichgcp,,732-993-5100,es,Han Bo Rui Qiang (Shanghai) PharmaTech Ltd（US subsidiary: H&J CRO International-New York LLC） is a small Full-Service CRO in China yet ambitious to provide global clinical trial solutions. It was founded by Professor Fanqiang MENG in 2003 and headquartered in Shanghai and New Jersey. List of CROs by location Europe North America Asia Africa South America Oceania Regulations Resources,https://ichgcp.net/cro-list/country/china/company/hj_cro_international
Shanghai Clinical Research Center (SCRC),scrcnet.org,China,ichgcp,,+ 86 21 3367 6666,"18F, Building A, 380 Fenglin Road (Fenglin International Centre), Xuhui District, Shanghai, P. R. China, 200032","Shanghai Clinical Research Center (SCRC) operates as a 3rd-party full-service assessment and resource center to facilitate drug development. SCRC is developing a core resource platform with coverage of clinical research sites throughout China. A fully equipped central laboratory with GLP capabilities, a state-of-the-art data management and a bio-statistics system position SCRC as a leader in drug development services in China. Founded under the collaborative framework of the Ministry of Science and Technology and the Shanghai Municipality in 2008, SCRC endeavors to be a pioneer in the globalization of drug development in China by provision of the link necessary between pharmaceutical companies and hospitals. With superior technical skills, abundant public resources, necessary infrastructure and a network providing access to large patient populations, SCRC is dedicated to meeting the challenging needs for clinical expertise, quality services and technological innovation in global drug d",https://ichgcp.net/cro-list/country/china/company/shanghai_clinical_research_center_scrc
WuXi Biologics,wuxibiologics.com,China,ichgcp,info@wuxibiologics.com,,"108 Meiliang Road, Mashan, Binhu District, Wuxi, Jiangsu, China, 214092","WuXi Biologics (stock code: 2269.HK) is a global Contract Research, Development and Manufacturing Organization (CRDMO) offering end-to-end solutions that enable partners to discover, develop and manufacture biologics from concept to commercialization for the benefit of patients worldwide. With over 10,000 skilled employees in China, the United States, Germany, Ireland and Singapore, WuXi Biologics leverages its technologies and expertise to provide customers with efficient and cost-effective biologics discovery, development and manufacturing solutions. As of the end of 2021, WuXi Biologics is supporting over 480 integrated client projects, including nine in commercial manufacturing. WuXi Biologics views Environmental, Social, and Governance (ESG) responsibilities as an integral component of our ethos and business strategy, and we aim to become an ESG leader in the biologics CRDMO sector. Our facilities use next-generation biomanufacturing technologies and clean energy sources. We have ",https://ichgcp.net/cro-list/country/china/company/wuxi_biologics
WuXi Clinical,wuxiclinical.com,China,ichgcp,WuXi_Clinical@wuxiapptec.com,+86 (021) 2315 8000,es,"WuXi Clinical, a wholly owned subsidiary of WuXi AppTec, is a global Contract Research Organization (CRO) providing a comprehensive range of services in clinical development. We provide Phase I to Phase IV clinical development services & BE (Bioequivalence) , for products including pharmaceuticals, biologics, and medical devices. With expertise spanning all major therapeutic areas, we deliver the unique blend of an experienced team, combined with the creativity, responsiveness, and customer centric-focus of a highly nimble organization. This forward-thinking approach has allowed us to work on a variety of projects ranging from first-in-human products to marketed drugs and devices. WuXi Clinical was formed through the merging of capabilities of ResearchPoint Global – a full-service U.S. headquartered CRO that specializes in global clinical trials for small to mid-sized biopharma customers – and WuXi AppTec. In May 2019, the successful acquisition of Pharmapace, a statistical analysis co",https://ichgcp.net/cro-list/country/china/company/wuxi_clinical
Applied Healthcare Resource Management (AHRM),ahrminc.com,Colombia,ichgcp,,57  1  6585925,"Calle 113 No. 7-21 Tower A,Office 1101,Bogota Other Applied Healthcare Resource Management (AHRM)'s locations around the world","AHRM Inc. is a full service Contract Research Organization (CRO) with a focus in Health Outcomes and Health Economics Research. By providing the ability to integrate both clinical and economic research into one protocol or study, AHRM Inc. can support FDA, Health Authority and Payor requirements typically in the same study protocol during the health technology development period for pharmaceuticals and medical devices.For pharmaceuticals or devices already approved, Applied Healthcare Research Management Inc. can provide extensive guidance and support to develop, implement and manage trials in North America and Europe, or leverage existing data to develop and publish economic models targeted at payors or to support reimbursement. Located at the New York State Center of Excellence in Bioinformatics & Life Sciences (COE) building since 2008, Applied Healthcare Research Management Inc. has built a positive reputation with clients based on performance, professionalism and cost efficient ex",https://ichgcp.net/cro-list/country/colombia/company/applied_healthcare_resource_management_ahrm
bioaccess,bioaccessla.com,Colombia,ichgcp,,+1 (407) 205-8930‬,"Cr. 11B # 99-25 Of. 9.108 Edf. WeWork, Bogota, D.C., Colombia Other bioaccess's locations around the world","bioaccess™ is a contract research organization (CRO), regulatory, and market access consulting company that delivers a full spectrum of services from bench to commercialization. With bioaccess™,  medical device and biopharma companies will have long-term clinical and sales success in Colombia and Latin America. Our promise is for innovative life science companies that believe that Latin America offers the untapped potential to conduct early-stage clinical trials or sell their products. We focus on forward-looking medical device and biopharma companies that want to run a first-in-human clinical trial or wish to have long-term sales growth in Latin America. We promise that by engaging with us, your company will cost-effectively get the early clinical data it needs or quickly obtain regulatory market clearance to expand its market in Colombia and the rest of Latin America. List of CROs by location Europe North America Asia Africa South America Oceania Regulations",https://ichgcp.net/cro-list/country/colombia/company/bioaccess
Coltrials SAS,coltrials.com,Colombia,ichgcp,contacto@coltrials.com,+57 (601) 310 423 7890,"Carrera 19 calle 31 Norte, Piso 1 Esquina. Armenia, Quindío, Colombia","Coltrials SAS is a Contract Research Organization (CRO) founded in Armenia, Quindío, Colombia in July 2021, born with the objective of performing management and monitoring of Clinical Studies in different therapeutic areas and phases of development. Committed to the management and integrity of the data obtained during the execution of the studies. We are an organization dedicated to provide support services in the management, development and monitoring of clinical trials, with a high level of knowledge and quality to generate innovative solutions for our customers. Coltrials will be the organization of choice for stakeholders for the management, development and monitoring of clinical trials, achieving for its clients efficiency, resource optimization, reliable data and high quality results. Our commitment is to guarantee to external clients compliance with Good Clinical Practice standards, research regulation and the processes described in the assigned protocols, through monitoring act",https://ichgcp.net/cro-list/country/colombia/company/coltrials_sas
Altiora,altiora-cro.net,Croatia,ichgcp,info@altiora-cro.net,385  1  290  22  00,"Zagreb, NovaČka 335,Postcode: 10040","Altiora is a mid-sized Contract Research Organisation (CRO), driven by successful organic growth. • has been developing its expertise for almost 20 years, working on local and large international projects in the EU countries. • has a team comprised of trained and experienced professionals, focused on providing high quality services, without the high fixed costs of a conventional large full service CRO. • provides a comprehensive array of clinical trial management services. Our expertise includes the following services: - Medical Writing - Medical Affairs - Clinical Operations - Regulatory Affairs - Pharmacovigilance - Quality Assurance & Training",https://ichgcp.net/cro-list/country/croatia/company/altiora
Sermon CRO,sermoncro.com,Croatia,ichgcp,contact-us@sermoncro.com,385  (0)1  550  92  47,"Donje Svetice 46c, 10000 Zagreb","We are an independent, private company providing high quality clinical trial monitoring services in the South-Eastern Europe region. The rapidly growing demand for clinical trial services in the region is to a great extent due to the quality of the clinical data acquired, large patient pool and highly qualified investigators. Sermon CRO is proud to contribute to this expansion Sermon CRO is an independent, private company providing high quality clinical trial monitoring services in South Eastern Europe. Established in 2004, Sermon CRO offers services in Phase I – IV clinical trials and operates in different therapeutic areas in five countries in the region. We complement the growth of our activities with carefully planned strategic development and quality assurance methodology . Our main office in Zagreb and country office in Belgrade provide quick and simple access to a large number of investigators with years of experience in good clinical practice and in different indication areas. ",https://ichgcp.net/cro-list/country/croatia/company/sermon_cro
Coronis Research SA,coronis.gr,Cyprus,ichgcp,info@coronis.com.cy,357  246  561  65,"Metropolitan Court 33, Artemidos, 6025, Larnaka Other Coronis Research SA's locations around the world","Entering the market 20 years ago, we had the vision of becoming a Contract Research Organization (CRO) that would contribute -through the provision of quality research services- to the delivery of life-changing therapies to patients worldwide. Through the long journey that followed, giving us the opportunity to explore in depth the demanding drug development process, we realized that the clinical research is only one among the many inseparably linked steps through which a product comes into market. What guarantees a product's successful entry into the market is the flawless and perfect coordination of all development stages. This was the time-point we took the decision of becoming something more than a clinical research provider. We decided to become our clients’ trustful business partner and help them effectively combine their own means, knowledge and experience with our clinical research and commercialization capabilities under the roof of the most advanced science, business and data",https://ichgcp.net/cro-list/country/cyprus/company/coronis_research_sa
A-Pharma s.r.o.,a-pharma.cz,Czech Republic,ichgcp,office@a-pharma.cz,420  251  081  230,"A-Pharma s.r.o.,K Ohradě 528/2, 155 00 Prague 5","A-Pharma – A Leading Private CRO in The Czech and Slovak Republic (EU) A-Pharma is a privately owned Czech CRO (Contract research organization) founded in 1996. The company can offer complete services on the field of clinical trials, medical devices, drug registration, data management, biostatistics, quality assurance including GCP auditing, translations of medical text and GCP trainings. Our company is located in Prague, the Capital of the Czech Republic and  we are active in Czech and Slovak Republic. A-Pharma  is a leading private CRO in the Czech Republic.Performance of clinical trials is a major activity of the company. There have been more than 150 clinical trials performed or in progress since its foundation. A-Pharma is co-operating with many pharmaceutical, biotechnology, medical device companies and CRO’s as well. List of CROs by location Europe North America Asia Africa",https://ichgcp.net/cro-list/country/czech_republic/company/a_pharma_sro
Cepha,cepha.cz,Czech Republic,ichgcp,bazant@cepha.cz,420  267  915  927,es,"CEPHA s.r.o. - Center for Pharmacology and Analysis - has been founded in 1992 by a group of scientists with extensive experience in clinical research, pharmacology, statistics, analytical chemistry and regulatory affairs as the first independent, privately held Contract Research Organization (CRO) in former Czechoslovakia. Since early 1993, the company came into operation, CEPHA has established its reputation for conducting high-quality, time and cost effective bioequivalence and bioavailability studies. In May 2000, the company has moved to new facility in Pilsen with 1000 m2 Phase I Clinic, Bioanalytical laboratory and headquarters offices. In May 2004, both the lab and clinical facilities have been enlarged up to 1300 m2 in total. In October 2008, the second clinical unit with 6 hospital beds for Phase I trials was launched. Currently, CEPHA is the leading CRO in the Czech Republic providing a broad range of clinical research services. When you work with us, you enjoy the personal ",https://ichgcp.net/cro-list/country/czech_republic/company/cepha
"Institute of Biostatistics and Analyses, Ltd.",biostatistika.cz,Czech Republic,ichgcp,info@biostatistika.cz,+420515915101,"Poštovská 68/3, 602 00 Brno, Czech Republic GPS: 49.1947794N, 16.6103747E","Our vision is HEALTHY DATA. We manage and analyze data in clinical research projects, which we also help to organize. We have developed our own solution for data collection, namely the so-called electronic-data-capture system CLADE-IS, which contains a module for risk-based monitoring based on machine learning algorithms. We were established as a spin-off of Masaryk University and succeed in transferring the results of research and development from the academic sphere to the application in society. Our services: Contract clinical research and health registries Real-world evidence/data (RWE/RWD), market access and market research services Clinical data management Pharmacovigilance Data analysis IT services",https://ichgcp.net/cro-list/country/czech_republic/company/institute_of_biostatistics_and_analyses_ltd
Pharmacosmos,pharmacosmos.com,Denmark,ichgcp,info@pharmacosmos.com,4559485959,"Pharmacosmos A/S ,Roervangsvej 30 ,DK-4300 Holbaek","Pharmacosmos was established in 1965 by Henry Christensen MD, PhD, who was succeeded by his youngest son Lars Christensen, MD, as CEO in 1993. The company has since its establishment remained an independent family owned company. The first 500 m2 manufacturing site - site Viby - was established in 1965 in a former dairy in a small village about 40 kilometres from the current site Holbaek. The original manufacturing site was expanded to approximately 1800 m2 in 1973.                                                                                                                                         Originally, the company was an API manufacturer of dextran powder of clinical grade, pharmacopoeial quality for production of infusion solutions and iron complexes. The API was and is still available in powder and/or bulk solutions for the manufacturing of veterinary iron dextran injection. The company gained GMP approval from Danish Ministry of Health early-on, followed by a number of US FD",https://ichgcp.net/cro-list/country/denmark/company/pharmacosmos
ANTAEA Medical Services,antaea.com,Egypt,ichgcp,,20222679903,"11 Mostafa Refaat Street,Heliopolis, Cairo 11361,Square 1154, Sheraton Buildings","ANTAEA selected its name after the Greek goddess Antaea. According to mythology, she was the one who existed even before the 12 Hellenic Olympic gods, who was the esoteric Mother of all immortal gods and mortal human beings, and helped the world in ages of diseases and starvation. By choosing this name, we wish to express our commitment to the society as well as our desire to help others to enjoy life in good health. By converting our experience and expertise into tangible results, we materialize our commitment and drive to provide tailored, flexible, full-scale clinical trial and bioequivalence study solutions as well as educational activities and consulting services related to clinical research.Our Mission is to provide high quality services to healthcare professionals, both Pharmaceutical and Biotechnology Companies and Physicians. For us at ANTAEA, our priority is to serve our Client. We understand that each client and each project has specific needs and requirements. Our key asset",https://ichgcp.net/cro-list/country/egypt/company/antaea_medical_services
ClinMax,clinmax.net,Egypt,ichgcp,info@clinmax.net,20  10  67  62  58  02,"Green Tower, 3rd & 4th Floors, Plot number 305, 90th Street, Fifth Settlement, New Cairo, Egypt","ClinMax is a fast growing Contract Research Organization specialized in Clinical Trials Management, covering all clinical trial phases including Phase ""I"" through Phase ""IV"", Registries and Clinical Surveys. Our Expertise, Systems and collaborative team experience enables us to provide our clients the ultimate globally identified industry quality. As ""Timely Projects Delivery"" is one of the main global industry challenges, ClinMax is committed to INCOMPARABLE adherence to contracted projects timelines. Having a wide spectrum industry associated services; this serves as outstanding supporting tools that are incorporated in ClinMax trial execution. List of CROs by location Europe North America Asia Africa South America",https://ichgcp.net/cro-list/country/egypt/company/clinmax
ClinProve-CRO,clinprove.com,Egypt,ichgcp,info@clinprove.com,+20222870039,"90 Ahmed Al Zomor Street, Nasr City, Cairo","ClinProve-CRO is a full-service contract research organization (CRO). We offer a suite of biopharmaceutical services that enables our clients around the globe to speed up the process of turning scientific discoveries into new treatments. From clinical trials to regulatory services, scientific advisory, pharmacovigilance and training modules, the strength of our organization is backed by a firm belief in the importance of what we do. Working at the heart of bringing important drugs to the patients who need them, we recognize that good science takes more than just brains. It requires patience, persistence, and a drive to change the world for us all. List of CROs by location Europe North America Asia Africa South America Oceania Regulations Resources",https://ichgcp.net/cro-list/country/egypt/company/clinprove_cro
DataClin,dataclin.com,Egypt,ichgcp,info@dataclin.com,(+202) 3761 7301  (+202) 3761 7302,"38 Gamal Salem St. Mossadak, Dokki, Giza – Egypt","DataClin is a regional contract research organization (CRO) established in 2010 covering the whole Middle East & Africa (MEA) Region providing full-service including clinical data management, biostatistics, medical writing, clinical operations, pharmacovigilance, medical information, and real-world evidence (RWE) services, in addition to medical affairs, training, quality assurance and auditing services. List of CROs by location Europe North America Asia Africa South America Oceania Regulations Resources",https://ichgcp.net/cro-list/country/egypt/company/dataclin
GRC Genuine Research Center,grcegypt.com,Egypt,ichgcp,info@grc-me.com,+20224514516,"50 El Khalifa El Mamoon street, Heliopolis 11757, Cairo, Egypt","*GRC is the first private sector Egyptian Bioequivalence center and full service CRO licensed from Egyptian MOH: Bioequivalence studies. Clinical trials management. Pharmacovigilance services. * GRC is committed to exceeding the needs and expectations of our clients by providing innovative, professional, and superior quality service, with integrity, professionalism, and reliability. List of CROs by location Europe North America Asia Africa",https://ichgcp.net/cro-list/country/egypt/company/grc
Medfiles,medfiles.eu,Estonia,ichgcp,medfiles.FI.P.114139-9@docinbound.com,3727305400,"Medfiles OÜ Kastani 42 EE-50410 Tartu, Estonia Other Medfiles's locations around the world","Established in 1987 in Kuopio, Medfiles was the first private CRO in Finland. The company of 5 private shareholders and 4 employees has now grown into a business with up to 150+ experts. Today Medfiles is the biggest CRO in Finland by the range of services. At first we operated only in the Nordic and Baltic countries, now we have an extensive network of carefully chosen CRO partners in numerous Western, Central and Eastern European countries, Asian countries and the United States to accommodate your individual needs and requirements. Our services include pharmaceutical development and analytical services, phase I–IV drug studies (in humans and animals), medical device investigations, food and nutrition studies, regulatory affairs related to human and veterinary medicines and food and nutrition, health economics/market access, and pharmacovigilance. Additionally, we offer services in preparation of pharmaceutical documentation, medical and regulatory writing, translations, Qualified Per",https://ichgcp.net/cro-list/country/estonia/company/medfiles
Crown CRO,crowncro.fi,Finland,ichgcp,info@crowncro.com,+358  9  8870  0500,"Vaisalantie 4, FI-02130 Espoo, Finland","Crown CRO is a privately owned Finnish CRO founded in 2005. Our headquarters is in Espoo, which is located in Finland’s capital city region. Crown CRO provides full service clinical operations or any services related to clinical operations. List of CROs by location Europe North America Asia Africa South America Oceania Regulations Resources",https://ichgcp.net/cro-list/country/finland/company/crown_cro
ADDS (Advanced Drug Development Services),adds.com,France,ichgcp,pleguen@adds.com,33  1  46  99  63  00,"56, Quai Alphonse le Gallo,92513 Boulogne-Billancourt Cedex","Advanced Drug and Device Services SAS (ADDS) is a leading European Service Provider, contract Research and Safety Organization with offices in France, Czech Republic and Israel.Advanced Drug and Device Services SAS is a member of the Pan European Service Provider : QPS-ADDS Ltd. Having provided services for 17 years to the healthcare industry, ADDS has developed a thorough expertise in some therapeutic areas, developed an in-depth knowledge of regulations in specific territories as well as the latest and best practices: Well-established experience in CNS, Cardiology, Oncology, Orphan Drugs, Medical Devices and Combination Products,Strong know-how and offices in Western and Central Europe, Israel and North Africa  Global Safety and Risk Management approach: integrated, proactive and science-based. List of CROs by location Europe North America Asia Africa South America Oceania Regulations",https://ichgcp.net/cro-list/country/france/company/adds_advanced_drug_development_services
Advanced BioScience Laboratories,ablinc.com,France,ichgcp,info@ablinc.com,33  (0)4  37  70  87  00,"Batiment Domilyon, Centre d’Infectiologie 321 avenue Jean Jaurès 69007, Lyon Other Advanced BioScience Laboratories's locations around the world","ABL provides contract manufacturing and laboratory research services to advance leading vaccines and therapies from clinical development to the commercial market. ABL combines its expertise in translational science together with operational excellence to solve the challenging product development problems that are often faced by our clients as they bring their life-changing technologies to the world. With cGMP facilities located in the U.S. and Europe, ABL is well positioned to provide comprehensive development and manufacturing support for protein and virus production utilizing single-use bioreactor platforms and other disposable technologies. ABL provides our clients with a fully integrated solution that includes cell line and process development, GMP manufacturing, QC release testing and QA/Regulatory support. ABL’s contract research teams have decades of experience with immunoassays, developing custom assays and panels to support human clinical trials and preclinical animal studies.",https://ichgcp.net/cro-list/country/france/company/advanced_bioscience_laboratories
APICES,apices.es,France,ichgcp,info@apices.es,+34 918 16 68 04,"4 Rue de Cléry, 75002, Paris, France Other APICES's locations around the world","Founded by a group of highly qualified people with a vast experience in CROs and pharmaceutical companies, APICES is a company with Spanish identity and an international vocation. APICES is not only a CRO, but a Company giving an added value to customer in study design, clinical development planning and successful regulatory timelines to achieve customers milestones. APICES offers to customers (e.g., pharma, medical devices, biotech, veterinary products companies, cooperative groups, investigators, public research organizations) clinical research services to improve the quality of investigational products development (e.g., drugs, medical devices, food supplements, advanced therapies, nuclear medicine, radiotherapy, biotechnology, veterinary products) optimizing the processes and activities of clinical research. We apply tools from field-tested technologies and with our experience and resources we are able to manage programs of any size in the most efficient way. APICES provides a full",https://ichgcp.net/cro-list/country/france/company/apices
ASCOPharm,ascopharm.com,France,ichgcp,kontakt@ascopharm.de,33  (0)  156  333  540,es,"SCOPHARM and the NOVASCO Group provide full extended services to pharmaceutical and biotechnology companies in Clinical Research and Post Marketing activities. The activity of the CRO is driven by a number of key principles : to work in partner spirit with the members of the pharmaceutical and biomedical industries, to propose a team of experienced professionals, adapted to each project, to guarantee results obtained with quality, scientific and ethical concerns, to provide customised services adapted to needs. Created in 1995, the firm has expanded to a full CRO group. Further detailed information on the group is given in this website. Additional information and financial figures may be provided on direct request. List of CROs by location Europe",https://ichgcp.net/cro-list/country/france/company/ascopharm
Axelys Sante,axelys-sante.com,France,ichgcp,contact@axelys-sante.com,+33 1 42 53 42 32,9 Rue François Coppée – 92240 Malakoff Other Axelys Sante's locations around the world,"Axelys Sante operates in Europe and the Middle East and North Africa (MENA) region through a partner network. We are also established in Algeria as a CRO approved by the Ministry of Health and Hospital Reform since July 2015. We provide services in France… Axelys Sante is a French CRO, founded in 2013, which is part of the AFCRO (French CRO Association). Relying on an experienced team, we offer a full range of services to guide you throughout the life cycle of your products. …but also in Algeria ! Axelys Sante is now taking on an international scope with a strong presence in the MENA region. Axelys Sante DZ is a company under Algerian law, approved by the Ministry of Health, Population and Hospital Reform... The extraordinary human potential, geographical proximity and historical links between the Maghreb and Europe offer clinical trial sponsors important prospects for scientific development. For more information about Axelys Sante in Algeria : https://axelys-sante.dz/ The company is p",https://ichgcp.net/cro-list/country/france/company/axelys_sante
Biophysium,biophysium.com,France,ichgcp,g.bolea@biophysium.com,+33 6 60 66 39 95,"228 route de l'aérodrome, domaine Saint-Paul INRAE, Batiment de l'université d'Avignon, 84140 Montfavet, France","Biophysium is an innovative bio-health CRO company specialized in the conception and realization of in vitro, in pre-clinical (in and ex–vivo) and clinical research services for cardiovascular health, metabolic diseases prevention and nutraceutical. We support and guide you in your research for innovation in bio-health in order to increase visibility and scientific credibility of your unique project by providing a high level of evidence. Biophysium has been able to develop numerous skills to investigate the effects of different protective strategies (nutraceutical, physical exercise, medication, medical device, etc.) on cardiovascular health and metabolic diseases, starting from evaluations at the cellular level up to clinical effects, through pre-clinical models. Thus, we offer you our skills in order to 1 / optimize processes or formulations, in particular based on natural substances, 2 / generate proofs of concept and finally 3 / test, develop and identify the mechanisms of action o",https://ichgcp.net/cro-list/country/france/company/biophysium
Biotrial,biotrial.com,France,ichgcp,contact@biotrial.com,33  (0)2  99  59  91  91,Rennes Other Biotrial's locations around the world,"Welcome to the Biotrial website, where you will find extensive information on the services we offer, on our expertise and experience, and of course on how to contact us. At Biotrial, drug evaluation and pharmacology research is a tailor-made service. And ‘service’ is apparent in every detail: in the way we advise you on the design of a study, in the flexible but thorough way we implement our work, and in the responsive way we communicate with and report back to each of you. To literally have a ‘service rendered’ is just the very meaning of what Biotrial does and that is why our sponsors choose to work with us. We begin with your interests at heart and continue throughout our collaboration. What we do, we do well. List of CROs by location Europe North America Asia Africa South America Oceania Regulations",https://ichgcp.net/cro-list/country/france/company/biotrial
CEMO,cemo.fr,France,ichgcp,,33  (0)1  48  84  77  23,"10, boulevard de Stalingrad,94600 CHOISY LE ROI","CEMO is a key partner for all your clinical trials and can provide you dedicated adapted logistic solutions for national and international study. According to our clients, precision, professionalism and reliability are amongst CEMO's strongest features. These values are based on the expertise of our dedicated teams of doctors, biologists and logisticians who develop flexible and adapted solutions. List of CROs by location Europe North America Asia Africa South America Oceania Regulations Resources",https://ichgcp.net/cro-list/country/france/company/cemo
Clin4all,clin4all.com,France,ichgcp,contact@clin4all.com,+33 6 63 22 76 88,2 rue Chaintron - 92120 MONTROUGE FRANCE,"Choose France for your International clinical trials! Located in Paris, Clin4all is your partner based in France for your clinical studies (Phases II- IV, PMCF, care-related, Epi-HEOR). We ensure the implementation, monitoring and execution of clinical trials in France by providing high quality and flexible services. Our services : - Project management, - Study Start Up activities and contracts, - Monitoring and site management, - Data-management and statistical analysis - Local vendors selection and oversight - Local digital communication and social media advertising (for recruitment campaigns in french).",https://ichgcp.net/cro-list/country/france/company/clin4all
Eurofins Optimed,eurofins.com,France,ichgcp,optimedsales@eurofins.com,+33 4 38 37 27 40,"1 rue des Essarts, 38610 Gières","Eurofins Optimed is a CRO with more than 30 years of experience in early phase clinical trial. We provide a complete range of services in drug, food and MD development and ensures the smooth and swift progress of your study at every step. From inclusion to study monitoring, from the conception of study documents to the final clinical report, from first-into-human to proof-of-concept, we provide full or custom-made services. Our own 60-bed clinical pharmacology unit has up-to-date equipment to ensure the success and the relevance of your study in various therapeutic fields, in healthy volunteers or patients. With a database of over 30 000 rigorously selected volunteers (questionnaire and medical examination), Eurofins Optimed can recruit in due time from a large pool of healthy volunteers and specific populations. The Quality Assurance policy in force at Eurofins Optimed will ensure that your clinical trials are performed with high levels of accuracy, reproducibility and security, in co",https://ichgcp.net/cro-list/country/france/company/eurofins_optimed
ExperTrials,expertrials.com,France,ichgcp,,+33(0)4 20 10  62 16,35/37 rue Louis Guérin 69100 Villeurbanne France,"ExperTrials is a full-service Contract Research Organisation (CRO) created in 2011 and located in Lyon (France), assisting Biotech and Medtech companies to launch their innovative drug or medical device in Europe. We set up a flexible and cost-efficient structure adapted to small biotech organizations to give their project the focus it may struggle to obtain from a big CRO. We work with a range of 80 Clinical Research Consultants throughout Europe to provide Clinical Operations services. We also offer services in Pharmacovigilance, Medical Monitoring, Data Management, Biostatistics, and Pharmacoeconomics in order to guide our clients every step of the way during their clinical trial. List of CROs by location Europe North America Asia Africa South America Oceania",https://ichgcp.net/cro-list/country/france/company/expertrials
International Clinical Trials Association (ICTA),icta.fr,France,ichgcp,,33  (0)3  80  53  40  00,"11, rue du Bocage 21121 Fontaine-les-Dijon Other International Clinical Trials Association (ICTA)'s locations around the world","ICTA testifies of a 35-year long experience of successful international and local pre- and post-authorisation clinical studies. We’ll come up with the best solution whether the development is clinical, epidemiological or econometric!You will find at ICTA a group of professionals eager to share their expertise in clinical research and provide you with the most suitable solutions. Today, ICTA exercises a well-seasoned leadership both in clinical R&D of phases I, II, III, whether “frequentist” or “adaptive "", namely Bayesian.ICTA is one of the first and very rare European CROs able to claim real-life and successful clinical experience, which conveys an image of know-how and expertise in designing which is unique in modern clinical R&D. List of CROs by location Europe North America Asia Africa South America Oceania Regulations Resources",https://ichgcp.net/cro-list/country/france/company/international_clinical_trials_association_icta
Iris Pharma,iris-pharma.com,France,ichgcp,bd@iris-pharma.com,33493594959,Les Nertieres Allee Hector Pintus 06610 La Gaude - France,"Iris Pharma specializes in offering preclinical and clinical ophthalmology research services worldwide. A leading contract research organization (CRO) dedicated to ophthalmology, Iris Pharma helps clients around the world navigate every stage of the drug and medical device development process – including in vivo ocular efficacy studies, Good Laboratory Practice (GLP) preclinical studies, bioanalysis, clinical trials, and marketing surveys. Iris Pharma has partnered with clients to bring more than 70 ocular drugs and medical devices to market in the past 30 years, and offers consulting services to help clients determine the best indication for molecules and products in development. List of CROs by location Europe North America Asia Africa South America Oceania",https://ichgcp.net/cro-list/country/france/company/iris_pharma
"Linical Co., Ltd.",linical.com,France,ichgcp,,33(0)1  40  77  05  70,"30 rue du Château des Rentiers, 75013 Paris, France Other Linical Co., Ltd.'s locations around the world","Linical was established in June 2005 by a group of professionals who were engaged in new drug development at a major Japanese pharmaceutical company. Ever since, in accordance with our philosophy of contributing to new drug development and promoting the happiness of patients, we have supported the clinical development efforts of pharmaceutical companies, focusing mainly on oncology and central nervous system (CNS), areas for which new drug development is sorely needed. Given the increasing internationalization of large scale pharmaceutical product development, Linical has actively expanded its activities around the world, to become the first Japanese Headquartered Global CRO (Contract Research Organization) capable of delivering a one-stop service for large-scale, global projects. List of CROs by location Europe North America Asia Africa South America Oceania Regulations Resources",https://ichgcp.net/cro-list/country/france/company/linical_co_ltd
Mapi Research Trust,mapi-trust.org,France,ichgcp,MariePierre.EscanezVirieux@mapi-trust.org,33  (0)  472  13  66  66,"27 rue de la Villette,69003 Lyon","Mapi Research Trust promotes scientific approaches in the PCO field and encourages exchanges between academics, pharmaceutical companies, and international organisations around the world in the service of incorporating the patient’s voice into every step of the development process of new treatments. For nearly two decades Mapi Research Trust has been a direct contributor to nearly every translational science research program incorporating PCO. We offer free and subsidized access to thousands of independent and academic research programs in over 130 countries every year. In this manner Mapi Research Trust contributes some 4 M€ a year in services that support academic research focusing on the improvement of patients’ lives. List of CROs by location Europe North America Asia Africa South America Oceania Regulations",https://ichgcp.net/cro-list/country/france/company/mapi_research_trust
MedPass,medpass.org,France,ichgcp,medpass@medpass.org,+33  (0)1  42  12  83  30,95bis Boulevard Pereire 75017 Paris – France,"MedPass has helped more than 1,000 companies, from start ups to multi-nationals, assisting our clients in the clinical development and market access of their innovative technologies.We have experience across a broad range of therapeutic areas, and all phases of medical device development from preclinical to the post marketing phase. We are particularly well known for our strong contribution to companies developing innovative technologies. Since 1991, MedPass has been a part of successful development of hundreds of innovative technologies from the first fully functional cervical disc replacement in the late 1990’s through dedicated interventional neuroradiology devices to treat stroke in the early 2000’s to the first CE Marking of a transcatheter aortic valve. Successful operations are based  on teamwork and continuing attention to detail,  minimizing client costs and offering total accountability. We arrange tailored service to meet our client’s specific objectives. List of CROs by loc",https://ichgcp.net/cro-list/country/france/company/medpass
Oroxcell,oroxcell.com,France,ichgcp,contact@oroxcell.com,33  (0)  1  41  83  72  20,Oroxcell 102 Avenue Gaston Roussel 93230 Romainville,"Oroxcell was founded in 2004 by three former scientist from SANOFI/AVENTIS PHARMA. Oroxcell is specialised in Efficacy, ADME and toxicity studies for pharmaceutical, cosmetics, nutrition and chemicals products. Oroxcell is a leading company in developing and creating alternative methods to animal use. Once validated, these tests are provided as R&D services to its customers. List of CROs by location Europe North America Asia Africa South America Oceania",https://ichgcp.net/cro-list/country/france/company/oroxcell
Pelvipharm,pelvipharm.com,France,ichgcp,contact@pelvipharm.com,331  704  293  39,"Faculté de Médecine - Université de Versailles St Quentin en, Yvelines,2 Avenue de la Source de la Bièvre,78180 Montigny-Le-Bretonneux -","Founded in 1999, PELVIPHARM is a spin-off from the University of Versailles-Saint-Quentin-en-Yvelines (France) relying on multi-disciplinary talents (medical doctor, pharmaco-economist, veterinarian, pharmacists and PhDs) who deliver both high quality academic standards and reliable contract research services : Preclinical studies based on validated efficacy models including delivery of protocol development, study conduct, report, communication and peer-reviewed publication.Guidance for selection of new chemical entities including testing with targeted assays according to potential mechanisms of action.Identification of new properties or attributes supporting differentiation of medications within the class or between classes.Advice in clinical development for new therapeutic indications or enhancements to address unmet medical need or significant commercial opportunities. PELVIPHARM has leading scientific and medical capabilities from unique expertise and experience in pathophysiology,",https://ichgcp.net/cro-list/country/france/company/pelvipharm
Physiogenex,physiogenex.com,France,ichgcp,,33532097980,"280 rue de l’Hers, ZAC de la Masquère, 31750 Escalquens","Physiogenex is an expert preclinical CRO for metabolic disorders based in Toulouse, France. For more than 15 years, we have been developing and using our expertise in metabolic diseases to provide reliable preclinical studies for the treatment of such pathologies. We develop innovative models for all metabolic diseases and their complications, as well as a wide range of tests to demonstrate the effectiveness of our clients’ drug candidates. Founded in 2003, Physiogenex has built its expertise in metabolic diseases (obesity, type 2 diabetes, NASH/fibrosis, diabetic nephropathy, inflammation, dyslipidemia and cardiovascular diseases) over the years with a strong and dedicated team. Pioneers in the development of predictive animal nutritional models, our aim is to help pharmaceutical, biotechnology and nutraceutical companies to optimize preclinical drug candidates’ studies and reduce the cost and time to market of new therapies. Based on its scientific skills and R&D program, Physiogenex",https://ichgcp.net/cro-list/country/france/company/physiogenex
Popsicube,popsicube-fovea.com,France,ichgcp,info@popsicube-fovea.com,33(0)1.80.90.50.80,"6 rue Jean Pierre Timbaud, Le campus – Bâtiment A1 SUD, 78180 Montigny le Bretonneux","Popsicube is not only a CRO. We act in several collaborative projects in the area of the future of health care, like personnalized and predictive medecine, and artificial intelligence where our combined expertises in clinical trials and new technologies have great applications: Clinical Services,data Management, biostatistics,innovative data collection tools, secured gateway, biosensor,tailor made applications. We design clinical studies that work for people. We have built a deep expertise in the clinical domain over the last 29 years. We have a strong capability and track record in clinical study design and strategy. We love what we do. We enjoy the complexity of clinical trials logistics and its challenges. We like to work hand-in-hand with people – our clients, investigators, patients, nurses – to develop and put on the market new compounds, devices or treatments. List of CROs by location Europe North America Asia Africa South America Oceania Regulations Resources",https://ichgcp.net/cro-list/country/france/company/popsicube
Solvias,solvias.com,France,ichgcp,sales@confarma.fr,33  389  83  37  20,"ZI rue du Canal d’Alsace,68490 Hombourg Other Solvias's locations around the world","The name Solvias is derived from the Latin terms ‘solutio’ and ‘via’ – it is our promise to explore new ways to find solutions that fulfill your requirements. Building on a profound foundation of experience from a large multinational pharmaceutical company Solvias was formed in 1999 as a management buy-out. The international expansion was accelerated in 2013 with the acquisition of Confarma, adding new capabilities and QC release activities as well as extended reach into the Medtech and Cosmetics industries. Our great heritage in the pharmaceuticals, agrochemicals and fine chemicals sectors is complemented by Confarma’s biological expertise in serving the BioPharmaceuticals, medical devices and cosmetics markets. List of CROs by location Europe North America Asia Africa South America Oceania",https://ichgcp.net/cro-list/country/france/company/solvias
TRIO,trioncology.org,France,ichgcp,contact@trioncology.org,33  1  58  10  09  09,"Biopark,11, rue Watt,Paris 75013 Other TRIO's locations around the world","We are TRIO, a not-for-profit academic clinical research organization (CRO). We are academic leaders in our field and share your goal to find the shortest path to saving lives. With a worldwide network of over 700 cancer centres, we can deliver accurate clinical trial results efficiently and on time. Our mission is focused on results that help cancer patients live longer. List of CROs by location Europe North America Asia Africa South America Oceania Regulations Resources",https://ichgcp.net/cro-list/country/france/company/trio
AICROS,aicros.com,Germany,ichgcp,,+49 (0) 421-89 67 66 17,Anne-Conway-Str. 2 28359 Bremen,"We are AICROS, the Association of International Contract Research Organizations providing clinical research services on a global scale. As an alliance of local and well established CROs, we combine our strengths and know-how to accomplish the clinical development goals of our clients. AICROS success is based on many years of experience in conducting phase I to IV clinical trials, non-interventional studies and clinical investigation of medical devices all over the world. Having global coverage with customized solutions by strong local service providers, we deliver added value for companies who intend to conduct multinational studies in a speedy and flexible manner with the highest quality. List of CROs by location Europe North America Asia Africa South America Oceania",https://ichgcp.net/cro-list/country/germany/company/aicros
AIX Scientifics,aix-scientifics.com,Germany,ichgcp,,492414500358,"Theaterstrasse 7 , D - 52062 Aachen","Aix Scientifics is an independent Contract Research Organisation (CRO) consisting of an academic staff with long-term experience in clinical research for new pharmaceutical products and medical devices. Clinical trials are planned, conducted and evaluated based on scientific criteria, which are in accordance with the legal framework, national and international guidelines, and internal SOPs. Aix Scientifics was founded in 1996 in order to perform data capture in the scope of clinical studies by means of the Internet in a time and efforts saving manner. Since about 20 years almost all studies have been performed multi-lingually, based on Internet technique. Now, there are experiences all around the earth. Aix Scientifics will support you to plan and design pre-clinical and clinical research,considering scientific, strategic, regulatory, and logistic aspects,to perform data management in the most efficient and economic manner,to design Case Report Forms (CRF) adapted to the clinical situa",https://ichgcp.net/cro-list/country/germany/company/aix_scientifics
Ascent Clinical Research Solutions,ascentcrs.com,Germany,ichgcp,info@ascentcrs.com,49  (211)  417  40  268,"Immermannstraße 7, 40120 Dusseldorf","Since 2007, Ascent Clinical Research Solutions has been helping pharmaceutical companies transform their ideas and concepts into successful products. We are a highly focused team of professionals who understand how to prepare, manage and conduct clinical trials. Our core activities include but are not limited to Phase I/IIa, Proof of Concept and Bioequivalence studies in numerous patient populations, conducted in dedicated hospital based clinical pharmacology units in Russia and Georgia. List of CROs by location Europe North America Asia Africa South America Oceania Regulations",https://ichgcp.net/cro-list/country/germany/company/ascent_clinical_research_solutions
Biocard Research,biocardcro.com,Germany,ichgcp,,,"Marktstrasse 5,D-60388 Frankfurt/Main Other Biocard Research's locations around the world","A Contract Research Organization that specializes in organization and conducting of international and local clinical trials in Russia. Here you can find information about our services, contact details, history and experience. We will familiarize you with the detailed information about our services - Regulatory, medical writing, translation, feasibility, project coordination, monitoring and site management, data management, statistics, and with our partners: Distribution center ""Biocard Logistics"", which organizes drug importation and customs clearance, drug storage and local distribution, biological samples exportation etc.; Clinical Pharmacology Unit ""Bessalar Clinic"", which performs clinical trials of II-IV phases and bioequivalence. Successful development and establishment of business relations with ""Biocard Logistics"" and ""Bessalar Clinic"" companies allows us to significantly optimize the study budget, while maintaining high quality and turnaround time. Our main advantages are the ",https://ichgcp.net/cro-list/country/germany/company/biocard_research
Bioskin,bioskin.de,Germany,ichgcp,studien@bioskin.de,040  606897-14,"Messberg 4,20095 Hamburg","As one of the leading study centers in the field of dermatology and allergology, bioskin focuses on drugs and cosmetics for the treatment of the skin. Our extensive clinical studies are necessary for the approval of newly developed drugs. Under the supervision of our experienced team, new products are tested for their safety and effectiveness. The process is subject to the highest security standards. Find out about our current studies and call today! List of CROs by location Europe North America Asia Africa South America Oceania Regulations",https://ichgcp.net/cro-list/country/germany/company/bioskin
BPI Service,bpi-service.de,Germany,ichgcp,info@bpi-service.de,49  30  27909  136,Friedrichstraße 148,"The increasingly Founded in Frankfurt am Main in 1991 as a subsidiary of the Federal Association of the Pharmaceutical Industry (BPI), our knowledge management, communication management, pharmacovigilance management and market management units are characterized by expertise combined with know-how, creativity and innovative strength. Taking into account the changing environment, we are continuously developing our range of operational service tools and strategic consulting services to provide you with future-oriented solutions. List of CROs by location Europe North America Asia Africa South America Oceania Regulations",https://ichgcp.net/cro-list/country/germany/company/bpi_service
CCDRD,ccdrdag.com,Germany,ichgcp,contact@ccdrdag.com,49-3342  2379-0,"Lindenallee 70,15366 Hoppegarten","CCDRD AG is a contract research organization for clinical phase I-IV trials. CCDRD AG was founded in 1990 and has been active in clinical trial management for 29 years. We coordinate clinial trials from our headquarters in Hoppegarten, near Berlin, Germany.  Our clinical infrastructure covers all major indications with clinical sites and partners in numerous European and Asian countries. Our customers from small, mid-size and large pharmaceutical companies have been able to successfully obtain marketing authorizations for new chemical entities, biosimilars and other biotechnology drugs and for various generic products worldwide. CCDRD AG´s scientific team defines a clinical development strategy for any target authority with the goal of receiving registration in the most efficient way. Get involved – Be First. List of CROs by location Europe North America Asia Africa",https://ichgcp.net/cro-list/country/germany/company/ccdrd
Factum,factum.com,Germany,ichgcp,schaaf@factum.com,(069)  82  97  14  14,Factum GmbH Kaiserstraße 51 63065 Offenbach/Main,We ensure that contracts from the pharmaceutical industry are performed competently and are client-focused. Data from more than 1.5 million patients has been processed in the meantime. List of CROs by location Europe North America Asia Africa South America Oceania Regulations Resources,https://ichgcp.net/cro-list/country/germany/company/factum
Focus Clinical Drug Development (Focus CDD),drugdevelopment-technology.com,Germany,ichgcp,businessdevelopment@focus-cdd.de,4921311550,"Stresemannallee 6, 41460 Neuss Other Germany",FOCUS Clinical Drug Development is an independent full-service CRO specialised in early clinical development and integrated proof of concept (PoC) packages. FOCUS has conducted more than 600 high-quality early-phase clinical studies in healthy volunteers and many patient populations. List of CROs by location Europe North America Asia Africa South America Oceania Regulations Resources,https://ichgcp.net/cro-list/country/germany/company/focus_clinical_drug_development_focus_cdd
ICRC-Weyer (Independent Clinical Research Consulting),icrc-weyer.com,Germany,ichgcp,info@icrc-weyer.com,+49  (0)30  40  39  37  0  -0,ICRC-Weyer GmbH Bölschestraße 35 12587 Berlin Germany,"We are a specialized contract research organization (CRO) based in Berlin, Germany. Our portfolio of services includes high quality Biostatistics, Clinical Data Management and Medical Writing, as well as specialist services such as Medical Data Management, Medical Review and Pharmacovigilance & Safety Writing, all based on a foundation of thorough Scientific Consulting. All services are provided out of our Berlin offices and for all types of clinical trial projects. ICRC-Weyer's dedicated team of highly skilled employees delivers quality results for all trial phases, whether they are conducted globally or locally. Both sponsors and partner CROs benefit from our longstanding team and timely delivery within pre-determined budgets. List of CROs by location Europe North America Asia Africa South America Oceania Regulations Resources",https://ichgcp.net/cro-list/country/germany/company/icrc_weyer_independent_clinical_research_consulting
Inamed,inamed-cro.com,Germany,ichgcp,,498989356916,Robert-Koch-Allee 29 82131 Gauting Germany,"Inamed was founded in 1998 as a spin-off of the GSF National Research Center for Environment and Health (now called Helmholtz Research Centre). Therefore INAMED profits from more than 30 years of experience in aerosol biophysics and technology. Our initial vision was to make optimized inhalation therapies a reality. Since that time, we grew our expertise in clinical trials through-out all phases, and wide variety of indications, far beyond “respiratory”. Inamed provides its clients a broad range of clinical trial services, ranging from Phase-I trials (First-in-Man trials, safety, pharmacokinetic and pharmacodynamic trials in healthy subjects or patients), Phase II-IV trials (clinical efficacy trials in patients), clinical investigations with medical devices (e.g., inhalers), and related clinical trial services such as project management, medical writing, data management, biostatistical evaluation, quality assurance, regulatory affairs and consulting. As internationally acting contract ",https://ichgcp.net/cro-list/country/germany/company/inamed
IntrexTest,intertek.com,Germany,ichgcp,,4971127311152,"Stangenstr. 1,70771 Leinfelden-Echterdingen,Deutschland Other IntrexTest's locations around the world","InrexTest facilitates and coordinates pharmaceutical and medical device studies through our team of internal experts coupled with top quality labs supporting preclinical and clinical testing at every stage of development. At InrexTest, we understand customers’ priorities. We utilize our technical expertise to design and customize individualized research projects based on client inputs. We qualify and audit testing facilities that are best suited to conduct your research. Our highly competent staff oversees the complete execution of the project and delivery of signed reports to the client. List of CROs by location Europe North America Asia Africa South America Oceania Regulations Resources",https://ichgcp.net/cro-list/country/germany/company/intrextest
IST,istgmbh.com,Germany,ichgcp,info@istgmbh.com,+49  621  879  86-0,"Soldnerstr. 1, 68219 Mannheim","IST is a full service Clinical Research Organiza­tion specialized in carrying out clinical studies with medicinal products in phases II-IV, post-marketing observa­tional research and studies investigating diagnostics and medical devices.Robust clinical research and high quality standards are combined with efficient timeline and budget control. Quick decision processes, flexibility and an elaborate infrastructure facilitate reaching your objectives rapidly and securely. For projects involving data management or statistics IST is working together with Prometris, a spin-off of IST. List of CROs by location Europe North America Asia Africa South America Oceania Regulations",https://ichgcp.net/cro-list/country/germany/company/ist
Johner Institut,johner-institut.de,Germany,ichgcp,daniela.penn@johner-institut.de,49  (0)  69  1532016-73,"Büro Frankfurt, Speicherstraße 16, 60327 Frankfurt, Germany","As a partner for IT in the healthcare sector, Johner Institut GmbH supports companies in the development and approval of medical devices (medtech and diagnostics). The company offers consulting and services in the area of ​​QM systems, employee qualification / seminars, usability testing, clinical evaluation and software engineering. The services range from free information material for the own implementation of a development and approval process to a tailor-made complete solution. List of CROs by location Europe North America Asia Africa South America Oceania Regulations Resources",https://ichgcp.net/cro-list/country/germany/company/johner_institut
Klifovet AG,klifovet.com,Germany,ichgcp,info@klifovet.com,49-89-580082  0,Klifovet AG Geyerspergerstr. 27 D-80689 Munich Germany,"Full service Contract Research Organisation providing high quality services for the animal health industry. Klifovet AG, based in Munich, Germany, is a full service Contract Research and Development Organisation offering Regulatory Affairs, Studies, GMP compliant Clinical Supplies Services, Quality Assurance, Data Management paper based and electronic (EDC, Study­base®) and Statistical Analyses for the Animal Health and Nutrition Industry. We work according to VICH GCP, GLP where required, GMP and ISO Standards. List of CROs by location Europe North America Asia Africa South America Oceania Regulations",https://ichgcp.net/cro-list/country/germany/company/klifovet_ag
KOEHLER eClinical,koehler-freiburg.de,Germany,ichgcp,info@koehler-eclinical.com,49  (0)  30  46  72  60  59-0,"Seeburger Straße 8,D-13581 Berlin","KOEHLER eClinical is an independent owner-operated contract research organization with over 20 years experience in providing clinical research services to the biopharmaceutical industry and life science organizations. If you are looking for excellence in data management, biostatistics and EDC solutions or plan to conduct a high quality phase I-IV or non-interventional study in and outside of Germany KOEHLER eClinical is your reliable partner in study planning, conduct, analysis and reporting. We are headquartered in Freiburg, with affiliates in Berlin and Konstanz. List of CROs by location Europe North America Asia Africa South America",https://ichgcp.net/cro-list/country/germany/company/koehler_eclinical
PharmaFacts,pharmafacts.com,Germany,ichgcp,,610-993-9689,,PharmaFacts has a unique ability to expand or contract according to your preclinical program needs. Our clients are impressed when they learn about the breadth of our expertise and the efficiency with which we can accommodate their requirements.,https://ichgcp.net/cro-list/country/germany/company/pharmafacts
proDERM,proderm.de,Germany,ichgcp,bd@proderm.de,49-40-839  358  88,"Institute for Applied Dermatological Research,Kiebitzweg 2, 22869 Schenefeld/Hamburg","We are a leading international contract research organization specializing in the conduct of clinical studies in the areas of skin, mucosa, hair, eyes and mouth. We carry out studies on medicinal products, medical devices, cosmetics, nutritional supplements and consumer goods alike, and competently comply with the various regulatory and legal requirements. As a competent, full-service partner, we supervise your study project in all its phases – from planning to the preparation of the final report. In most cases, cooperation begins as early as the development of a suitable study design and continues with the obtaining of regulatory approval. After recruiting suitable patients or test subjects and then conducting the study in our clinical unit, the project is finalized by the departments of Data Management, Statistics, and Medical Writing. List of CROs by location Europe North America Asia Africa South America Oceania Regulations Resources",https://ichgcp.net/cro-list/country/germany/company/proderm
Proinnovera,proinnovera.com,Germany,ichgcp,,49  (0)251  270  778-0,"Wienburgstraße 207,48159 Münster","Committed study teams make you successful! How value-based thinking and acting defines our company culture. If you ask our employees to give the decisive reason for working with proinnovera over the past 20 years, you will learn about our team spirit and the corporate culture practiced by all our staff. Our most important tools are not our technical machinery, or our data analysis software, or our expensive lab equipment, but our values: success ,creativity, enthusiasm, risk-Taking, sustainability, loyalty. These values continuously shape our work and will motivate us to conduct your project as creatively and successfully as if it was our own. For you, this means one thing above all: fully committed study teams who will take the initiative to reach the milestones in your project punctually, or even ahead of schedule. Our company culture is based on value-oriented thinking and acting and focusses on each employee. Individual contributions enjoy permanent appreciation and personal skills",https://ichgcp.net/cro-list/country/germany/company/proinnovera
ScIDre,scidre.de,Germany,ichgcp,info@scidre.de,49  (0)  351-84  22  14  70,"ScIDre GmbH,Gutzkowstr. 30,01069 Dresden",Scientific Instruments Dresden GmbH (ScIDre) is a technology company globally serving science and experimental research. A powerful team of engineers and scientists develops and provides equipment and technologies for the use in fundamental experiments and applied nature sciences. List of CROs by location Europe North America Asia Africa South America Oceania Regulations Resources,https://ichgcp.net/cro-list/country/germany/company/scidre
Scope International,scope-international.com,Germany,ichgcp,info@scope-international.com,49  621  429-390,Konrad-Zuse-Ring 18 | 68163 Mannheim,"Scope International is an independent Full-Service Contract Research Organization (CRO) with a network of 17 local offices and business entities throughout Europe and USA. Scope International offers a complete range of clinical development and consulting services to the pharmaceutical, biotechnology and medical device industries, and  is supported by long establish development partners in other geographies. We focus on providing cost-effective services achieving industry leading benchmarks in timeline, cost and quality. The Scope International team is known for its friendly, professional collaborative approach. We have years of experience and expertise in research as well as a passion for science and providing quality solutions. We enjoy an enviable reputation from our satisfied clients. Discover why so many pharmaceutical and biotech companies choose to work with Scope International as their CRO of choice. List of CROs by location Europe North America Asia Africa South America Oceania",https://ichgcp.net/cro-list/country/germany/company/scope_international
Therapyte,therapyte.com,Germany,ichgcp,info@therapyte.com,,"Theresienhoehe 28, Office 135, Munich 80339, Germany","THERAPYTE is a clinical research organization and software developer for digital clinical trials with headquarters in Munich, Germany. THERAPYTE conducts clinical research projects based on real-world data (RWD) analysis including observational studies in various therapeutic areas, comparative effectiveness, post market safety monitoring. As a global real-world evidence (RWE) solutions provider the company mines its datasets through a network of healthcare organizations and data providers across the EU, CIS, and MENA regions. THERAPYTE provides a full range of services within clinical trials organization and conduct. The services include, but are not limited to medical writing, data management, biostatistics, and data science, including data coding and machine learning algorithms development. The in-house designed THERAPYTE platform is employed for collection, processing and analyzing of real-world data for clinical and healthcare research decision makers. THERAPYTE products include ap",https://ichgcp.net/cro-list/country/germany/company/therapyte
Winicker Norimed GmbH,winicker-norimed.com,Germany,ichgcp,wn@winicker-norimed.com,49  (0)  911  /  9  26  80  -  0,"Deutschherrnstraße 15-19, 90429 Nürnberg","The Winicker Norimed GmbH is an independent, owner-operated contract research organization with seat in Nuremberg. From strategy planning, managing the field phase up to the analyzing your project and writing the clinical study report or publication, we take ownership of your needs! We deliver quality services in accordance with the relevant regulations and international guidelines, using either our own or customer-specific standard operating procedures. In cooperation with hospitals and primary care physicians, we manage phase II-IV clinical trials as well as non-interventional and epidemiological studies with pharmaceuticals and studies with medical devices. Thanks to our many years of experience in the management and conduct of clinical investigations with medical devices as well as nutritional products with health promoting properties, we are able to provide you with effective and individual solutions. Another main focus of our work is Market Access and Health Service Research. Lis",https://ichgcp.net/cro-list/country/germany/company/winicker_norimed_gmbh
Acadechem Company,acadechemical.com,Hong Kong,ichgcp,sales@acadechemical.com,85281767160,"UNIT 04, 7/F, BRIGHT WAY TOWER, NO. 33 MONG KOK ROAD,KOWLOON, HK","Acadechem Company Ltd. is a dynamic research based company dedicated to provide research chemicals, APIS, building blocks, screening compounds, biochemicals, molecular biology reagents. We offer chemistry services to large pharmaceutical companies, emerging bio pharmaceutical firms, technology platform companies, academic / research institutions and agrochemical companies across globe to accelerate their R&D programs from discovery to production. List of CROs by location Europe North America Asia Africa South America Oceania Regulations",https://ichgcp.net/cro-list/country/hong_kong/company/acadechem_company
Advanced Technology & Industrial Co,advtechind.com,Hong Kong,ichgcp,sales@advtechind.com,852  2390  2293  /  2394  5546,"Advanced Technology & Industrial Co., Ltd., Unit B, 1/F., Cheong Shing Bldg.,17 Walnut St., Tai Kok Tsui, Kln, Hong Kong","Advanced Technology & Industrial Co., Ltd., A key laboratory distributor based in Hong Kong with offices in China served to industrial & research needs since 1993. Over 27 years serving the industries & research and education market Over 1.2 millions product in our web search database. Connecting with over 220 manufacturers worldwide. Stock over 15000 items in our warehouse. Welcomes enquire by Putonghua, Cantonese and English. List of CROs by location Europe North America",https://ichgcp.net/cro-list/country/hong_kong/company/advanced_technology_industrial_co
Chinese University of Hong Kong,ovs.cuhk.edu.hk,Hong Kong,ichgcp,eyecentre@cuhk.edu.hk,852  3943  5886  /  9681  4010,es,"The Department of Ophthalmology & Visual Sciences (CUHK DOVS) of the Chinese University of Hong Kong (CUHK) was the first academic ophthalmology department in Hong Kong, with Prof. Mark O.M. Tso as our Founding Chairman in 1994. Prof. Mark Tso was succeeded by Prof. Dennis S.C. Lam as Chairman in 1998, and then by Prof. Calvin C.P. Pang from 2012 to 2015. Our Department consists of two main functional units: the CUHK Eye Centre and the CUHK Ophthalmic Research Centre, as the clinical arm and research arm of the department, respectively. The CUHK Eye Centre includes the CUHK Private Eye Clinic which provides subspecialty-based clinical ophthalmic care to the public, the Clinical Drug Trial Centre which is accredited by the China NMPA for clinical drug trials, as well as the Pao So Kuk Macular Diseases Treatment and Research Centre. List of CROs by location Europe North America Asia Africa South America Oceania",https://ichgcp.net/cro-list/country/hong_kong/company/chinese_university_of_hong_kong
Groken Bioscience,grokenbioscience.com,Hong Kong,ichgcp,info@grokenbioscience.com,85231113369,"Suite 2611, Office Tower Langham Place, 8 Argyle Street, MongKok, Kowloon, Hong Kong","GROKEN BIOSCIENCE LIMITED (GROKEN BIOSCIENCE) was founded in September 2014 and based in Hong Kong. With many years of experience in genomic science, GROKEN BIOSCIENCE is dedicated to improve the healthcare of mankind by utilizing genomics information. In order to support dedicated efforts to deliver applications in different fields, GROKEN BIOSCIENCE has three main functional organization structures List of CROs by location Europe North America Asia Africa South America Oceania Regulations Resources",https://ichgcp.net/cro-list/country/hong_kong/company/groken_bioscience
Hong Kong Institute of Biotechnology,hkib.org.hk,Hong Kong,ichgcp,,85226035111,"2 Biotechnology Avenue, 12 Miles, Tai Po Road, Shatin, N.T., Hong Kong","The Hong Kong Institute of Biotechnology Limited (HKIB) was established by the Council of the Chinese University of Hong Kong (CUHK) in 1988 with a donation from the Hong Kong Jockey Club Charities Trust. Our mission is to provide catalyst and essential infrastructure for the development of biotechnology and Chinese medicine (CM) industries in Hong Kong. Throughout the years, we have received grants from the Innovation & Technology Commission (ITC) to advance our capacity in research and GMP production in these two areas. HKIB provides extensive services on infrastructure support, product & technology development, contract manufacturing, Good Manufacturing Practice (GMP) consultation and training. With our expertise, we actively engage in process development, product commercialization as well as collaborative projects with industrial partners for fund application in bringing new technology and product development in biotechnology, pharmaceuticals and CM. Being affiliated with CUHK and ",https://ichgcp.net/cro-list/country/hong_kong/company/hong_kong_institute_of_biotechnology
Argint International Clinical Research and Development Services (Argint),argintinternational.com,Hungary,ichgcp,enquiry@argintinternational.com,36  70  320  2870,"Bölöni György u. 22,1021, Budapest","Argint International Clinical Research and Development Services (Argint) is recognized as a leading regional CRO, providing clinical research services throughout Europe, but with a primary focus on Central and South Eastern Europe (CEE). Argint is focused on providing tailor made full-service solutions to small and medium sized biotech companies, partnering clients as they bring their drug candidates or devices into the clinical phase. Argint supports the planning and execution of our client’s development programs: from initial consultancy through phase I, POC and larger phase II and phase III studies. We provide a ‘one-stop shop’ for all clinical outsourcing needs in Europe. In September 2018, Argint joined Precision for Medicine, part of Precision Medicine Group, with more than 1,450 employees in 25 locations in the US, Canada, and Europe. Precision’s integrated set of capabilities across global clinical trial execution, sophisticated biomarker and specialty lab solutions will now be",https://ichgcp.net/cro-list/country/hungary/company/argint_international_clinical_research_and_development_services_argint
Clin Trial Limited,clintrial.hu,Hungary,ichgcp,mail@clintrial.hu,00  36  52  413407,es,"ClinTrial Ltd. Contract Research Organisation was founded in 2001 by Hungarian clinical research professionals with the intent to be reliable partners for Hungarian and international CROs, pharmaceutical companies and hospitals in conducting clinical and non-clinical trials and projects. A flexible and trustworthy contractor, ClinTrial Ltd. provides a wide range of clinical research services to Hungarian and international CROs, pharmaceutical companies, and hospitals. The company offers the working contribution of highly trained contract monitors (CRAs) with clinical trials experience. List of CROs by location Europe North America Asia Africa South America Oceania Regulations",https://ichgcp.net/cro-list/country/hungary/company/clin_trial_limited
HungaroTrial,hungarotrial.hu,Hungary,ichgcp,info@hungarotrial.com,+36  1  203  21  34,"Fehervari ut 89-95, 1119 Budapest, Hungary","When your clinical trial has to Overachieve in Central and Eastern Europe, HungaroTrial is here to help. Providing services for Phase 1 through Phase 4 clinical trials in Hungary, Czech Republic, Slovakia, Romania, Serbia, Croatia, Bulgaria, Bosnia, Poland, Ukraine, Belgium and Russia, HungaroTrial is the CEE region’s leading independent CRO. To Overachieve, your clinical trial needs the best minds from beginning to end. That’s why Hungarotrial’s full-time staff includes 12 MDs of various specialties,more than any other independent CRO in the region. And you can be assured that our experienced team has built strong relationships with the most respected Key Opinion Leaders in CEE. List of CROs by location Europe North America Asia Africa South America Oceania Regulations Resources",https://ichgcp.net/cro-list/country/hungary/company/hungarotrial
Pharmahungary,pharmahungary.com,Hungary,ichgcp,businessdevelopment@pharmahungary.com,36  1  2427643,"Pharmahungary Group, Graphisoft Park, 7 Záhony street, Budapest, H-1031","providing wide range of innovative and cost-effective preclinical pharmacology R&D services focusing on but not limited to cardiovascular (infarction, heart failure, stroke, sepsis, arrhythmias, etc) metabolic diseases (diabetes, dyslipidemia, atherosclerosis, obesity, uremia, etc), renal, and inflammation indications with strong scientific support clinical R&D services focusing on full management of clinical trials with Medical Devices, Advanced Therapeutic Medicinal Products, Investigator Initiated Trials, and clinical trials that need strong regulatory & scientific support with e.g. sensitive patient population to manage internal R&D projects to develop new technologies for out-licensing and co-development in the fields of diagnosis and therapy of cardiovascular and metabolic disease List of CROs by location Europe North America Asia Africa South America Oceania",https://ichgcp.net/cro-list/country/hungary/company/pharmahungary
Research Professionals,rp-cro.com,Hungary,ichgcp,contact@rp-cro.com,+36 1 452 6100,"Soroksári út 44. II. em., Budapest 1095","Research Professionals offers comprehensive CRO services for a wide range of pharmaceutical and medical device clinical studies. Having access to the region’s leading study sites, an exceptional Principal Investigator (PI) network, Research Professionals has a proven track record of managing studies both large and small. With more than 150 experienced and dedicated staff, Research Professionals brings direct experience in successfully managing over 75 major studies in more than 15 therapeutic areas. As we continue to innovate, we have added a unique approach to decentralized study services in addition to our core clinical research studies. We do all of this while maintaining the highest standards and meeting current regulations in order to deliver only high-quality clinical research studies to our global customer base. Based in Central and Eastern Europe (CEE), Research Professionals applies its experience, knowledge and technology to help clients to complete studies faster and more co",https://ichgcp.net/cro-list/country/hungary/company/research_professionals
Szasz&Co. Bt,szaszcro.eu,Hungary,ichgcp,,+36203321142,"Radvanyi u. 4/b. Szekesfehervar, 8000-Hungary","Szász&Co. Bt is a privately owned boutique Clinical Research Organization located in the central region of Hungary. We are providing multimodal services for our pharmaceutical, biotechnology and medical device partners throughout development of the newest medical therapies. The main focus of company is to provide scientific and technical assistance and monitoring services for our clients to conduct their clinical trials successfully in Hungary, starting from site selection until site closure. We have an excellent working relationship with investigators in numerous therapeutic areas. Our philosophy is to ensure that we work pursuing the highest quality standards for human health. Our main ambition is to assist our clients to carry out clinical trials successfully from concept to completion. You will receive undivided attention, stable timelines and predictable expenses for your project. We have close to 15 years experience in global monitoring of phase I-IV clinical trials and device st",https://ichgcp.net/cro-list/country/hungary/company/szaszco_bt
Abiogenesis Clinpharm,abiogenesisclinpharm.com,India,ichgcp,pawanbhusari@abiogenesisclinpharm.com,+919000003437,"2nd Floor, Plot No 69, D No. 8-2-248/1/7/69,  Nagarjuna Hills, Punjagutta, Hyderabad-500082, Telangana, India","Abiogenesis Clinpharm has been helping pharmaceutical companies transform their ideas and concepts into successful products. We are a highly focused team of professionals who understand how to prepare, manage and conduct clinical trials. Our core activities include Clinical Operations, Data Management Pharmacovigilance, Biostatistics and SAS Programming, Regulatory Affairs, Medical and Allied Services, Quality Assurance and Audit, FSP and PK/PD. We work with sponsors across all industries, phases, and sizes. Abiogenesis Clinpharm scales to the situation. As a midsize CRO, Abiogenesis Clinpharm offers a complete range of services with personalized attention and flexibility. The relationships, we create with our sponsors produce positive, tangible results. Abiogenesis Clinpharm Private Limited is an Asia focus Clinical Research Organization (CRO). Our research wing helps clients in Clinical Trials of Drugs, Medical Devices, Vaccines, Biosimilar, Nutraceuticals and Herbal Products. Our ex",https://ichgcp.net/cro-list/country/india/company/abiogenesis_clinpharm
Accelsiors,accelsiors.com,India,ichgcp,bdglobal@accelsiors.com,(91)  124-4309016,"A1/17 Safdarjang Enclave, New Delhi -110029 Other Accelsiors's locations around the world","Accelsiors is a scientifically-driven CRO committed to serving the needs of its Sponsors with the highest level of quality. We provide a full array of services and pride ourselves on having ready access to treatment naive patient populations. From consulting with you on the optimal design of your protocol to providing a final CSR, and all services in between; we are here to help. List of CROs by location Europe North America Asia Africa South America Oceania Regulations Resources",https://ichgcp.net/cro-list/country/india/company/accelsiors
Accutest Global,accutestglobal.com,India,ichgcp,business@accutestglobal.com,91-22-2778  0718/19,"A-31, Khairne MIDC, TTC Industrial Area,Khairne, Navi Mumbai-400 709.","Accutest is a global independent and internationally accredited Contract Research Organisation (“CRO”) founded in 1998. We are offering services to customers around the world with operations in India, across Asia, and in Brazil. Accutest is the market leader amongst independent CROs, with the highest quality standards and quick turnaround times. We have a strong regulatory track record and numerous accreditations/approvals from global regulatory agencies. List of CROs by location Europe North America Asia Africa South America Oceania Regulations Resources",https://ichgcp.net/cro-list/country/india/company/accutest_global
Actimus Bio,actimusbio.com,India,ichgcp,info@actimusbio.com,91-9963551919,es,"Actimus Biosciences as a knowledge based CRO, was established in the year 2005. The facilities are located in Visakhapatnam, Andhra Pradesh, India. We pride ourselves by providing most reliable and quality services to pharmaceutical companies in their pursuit of efficient drug development which can be translated to better and affordable patient treatments. Our innovative approaches to the Sponsors’ needs make us unique among the CROs. Led by a management team of highly committed, qualified & experienced industry leaders, we have been relentlessly supporting biotech and pharmaceutical companies around the world in their pursuit of drug development. List of CROs by location Europe North America Asia Africa South America Oceania Regulations",https://ichgcp.net/cro-list/country/india/company/actimus_bio
APCER Life Sciences,apcerls.com,India,ichgcp,americas@apcerls.com,(91)  11  4650  0802,"B1/F2 Mohan Cooperative Industrial Estate, Mathura Road, New Delhi 110 044 Other APCER Life Sciences's locations around the world","APCER Life Sciences is committed to improving health in partnership with its clients. We bring together safety, medical, regulatory, and technology resources to ensure that patients receive the safest, most effective therapies possible. To achieve this mission, we’ve built a strong foundation. Our global infrastructure of scientific and medical experts, supported by integrated processes and regulatory-compliant technology systems, has proven to be responsive and scalable through exponential growth since our founding in 2007. List of CROs by location Europe North America Asia Africa South America Oceania Regulations",https://ichgcp.net/cro-list/country/india/company/apcer_life_sciences
Asiatic Clinical Research,asiaticlinical.com,India,ichgcp,,,"169/53, 14th Main,Road, 1st Block East,Jayanagar, Bangalore 560 011","Asiatic Clinical Research is a full service clinical research organization (CRO) headquartered in Bangalore, India. We focus on Phase II - IV clinical trial support to pharmaceutical, biotechnology and medical device companies. Our strength is in strategizing what is exactly needed for your clinical trial by conducting a good literature search, providing world class facilities, KOL in specific indications treatment naïve patient pools. Asiatic has access to ICH-GCP trained sites in metros and tier II cities List of CROs by location Europe North America Asia Africa South America Oceania",https://ichgcp.net/cro-list/country/india/company/asiatic_clinical_research
Astron Research,astron-research.com,India,ichgcp,,91-79-2685  3518,"10th Floor, Premier House, Opp. Gurudwara,Sarkhej-Gandhinagar Highway, Bodakdev,Ahmedabad - 380054, Gujarat Other Astron Research's locations around the world","Astron Research Limited, a leading IP oriented pharma contract research organization, is a fast growing Pharma Contract Research Organisation (CRO) with a strong quest to deliver best services to the rapidly growing Healthcare industry and has embarked its presence as a prominent global CRO. The Company was established in the year 2001 with an objective to provide prompt and reliable services to Pharma sector worldwide and improve the product quality with the help of Technological Innovations and Upgradations. Astron commenced its UK operations in 2004 for Quality Testing and QP Release of finished formulations and API. This facility is now UK-MHRA approved. The Company has products and technology are sold in over 50 countries, which includes European Union, US, Canada Australia, New Zealand, South Africa, Brazil, Mexico, Middle East & North African countries. 45 ANDAs filed in US and 64 EU CTD dossiers developed till 2010. The Global turnover registered a growth of 40% in the current ",https://ichgcp.net/cro-list/country/india/company/astron_research
Catalyst Clinical Services,catalystclinicalservices.com,India,ichgcp,info@catalystclinicalservices.com,91-9818356273   91-8826806862,"Unit No. 11, Block-D1,First Floor, CSC-12, Sector-16, Rohini,Delhi - 110085,","Catalyst Clinical Services Pvt. Ltd. is a Contract Research Organization that acts as a strategic partner to the healthcare organizations (Pharma/Biotech companies, Research and Academic Institutions) making them winner by building on their core competence and empowering them to counter threats. The primary focus area is Clinical Trials Management and Execution, Medical Writing, Independent Auditing and Clinical Research Training. With regards to clinical research and pharmacovigilance training, Catalyst has made pioneering initiatives and has established itself as India's largest clinical research and pharmacovigilance training providers both in terms of numbers as well as geographical reach. The contract clinical research services of Catalyst have been widely appreciated by the key stakeholders at National as well as International level. Our key strengths include service excellence, total quality management, strict adherence and compliance to GCP guidelines, cost effectiveness and th",https://ichgcp.net/cro-list/country/india/company/catalyst_clinical_services
Clinexa,clinexa.com,India,ichgcp,,+91.80.4647.3435,"Golden Square, 2nd floor # 579, 32nd D Cross Road, 10th Main Rd, 4th Block, Jayanagar, Bengaluru 560011 Other Clinexa's locations around the world","At Clinexa, we are in a constant pursuit to identify the best ways to pass value to our clients. We challenge ourselves and our stakeholders to create new and innovative models that take into consideration the needs of today’s clinical development needs. Traditional one-stop-shop model has potential to increase costs and decrease the availability of the best people for each project due to internal prioritization of projects and clients. At Clinexa, we rely on a critical mass on internal resource and bring together a top-class team for each project. We believe that working through this mix of expert people and partners, a project can be delivered with the highest quality and much lower cost as compared to the traditional large CRO model. We provide our clients with personalized services and tailored solutions that are unique to the needs of that client and project. We partner with our clients to integrate into their clinical development team and make use of the combined team in a way th",https://ichgcp.net/cro-list/country/india/company/clinexa
Clinical Site Services (CSS),cssienroll.com,India,ichgcp,info@cssienroll.com,866.277.4888,"G-A, ""Hyndava Techno Park"",Plot No. 12,Survey No. 64,Hitec City, Phase 2,Madhapur,Hyderabad - 500081 Other Clinical Site Services (CSS)'s locations around the world","CSSi was founded in 2005 as Clinical Site Services to serve individual sites with their patient recruitment needs, later expanding into a major global centralized patient recruitment company. A leader in the industry, CSSi delivers strategic patient recruitment and enrollment solutions to study sponsors, CROs, SMOs, and research sites drawing from it's vast experience of: Over 13 years of developing and implementing clinical trial patient recruitment, enrollment and retention programs Leadership averaging over 20 years in dedicated patient recruitment experience Strategic planning and execution of recruitment campaigns in more than 20 therapeutic areas Assisting more than 3,000 geographically-dispersed research sites worldwide Planning and purchasing over $125 million in enrollment budgets Partnering with many of the top pharmaceutical companies, CROs, SMOs, and research sites CSSi's in-house patient recruitment team brings to you years of patient enrollment knowledge across all discip",https://ichgcp.net/cro-list/country/india/company/clinical_site_services_css
CliniExperts Research Services Pvt Ltd.,cliniexperts-research.com,India,ichgcp,contact@cliniexperts-research.com,+91 76720 05050,es,"CliniExperts Research Services a prominent Indian CRO with a decade of experience, leads in clinical research. Our expertise spans clinical trials, biometrics, and regulatory approvals, with a focus on drugs, Medica Devices, IVDs, Biologicals, and vaccines. ISO 9001 and ISO 27001 certifications underline our unwavering dedication to quality, ethics, safety, and standards. List of CROs by location Europe North America Asia Africa South America Oceania Regulations Resources",https://ichgcp.net/cro-list/country/india/company/cliniexperts_research_services_pvt_ltd
CliniRx,clinirx.com,India,ichgcp,reachus@clinirx.com,91-11-33001112,"4 th Floor, Patriot House, 3 BSZ Marg,New Delhi-110002 Other CliniRx's locations around the world","CliniRx is a full service mid-size CRO that provides comprehensive end- to- end solutions for clinical studies. CliniRx’s services include Phase II –III and late Phase (Phase IV) across numerous therapeutic areas and specialties.These specialty areas include advanced therapies, geriatric population, pediatrics, and rare disease/orphan disease indications. CliniRx offers it’s services to Pharmaceutical, Biotechnology, and Medical Device companies. CliniRx’s rich talent available in-house is supplemented by independent external advisors, who can add value to our work. This is why, we have a network of external advisors and preferred partners. CliniRx conducts clinical trials in USA, Europe and Asia with offices located in India and USA. CliniRx is an affiliate of JK Organisation(www.jkorg.in), an over 125-years-old business conglomerate with leadership across multiple sectors and offices in 88 countries, many of which are public companies. The JK organisation is headquartered in India an",https://ichgcp.net/cro-list/country/india/company/clinirx
D2L,d2lpharma.com,India,ichgcp,enquiry@d2lpharma.com,91-80-30850666,"1st Floor, North Wing, Nandi Infotech, KIADB Plot # 8, 1st Cross, Sadaramangala Industrial Area, Whitefield ITPL Road, Bangalore – 560048","D2L Pharma Research Solutions is a leading force in opinion leader engagement. Established in the year 2007, D2L ‘Discovery to Launch’ has been at the forefront of providing exemplary service to the pharmaceutical, biotechnology, and medical communications companies since its inception. We help transform market performance by forging professional partnerships between Key Opinion Leaders (KOL) and our clients. Our KOL development strategy is designed to facilitate relationship-building that is productive for both sides. List of CROs by location Europe North America Asia Africa South America Oceania Regulations Resources",https://ichgcp.net/cro-list/country/india/company/d2l
DIL Limited,dil.net,India,ichgcp,srikant.sharma@dil.net,+  91  22  6798  0888,"A -1601, Thane One,DIL Complex,Majiwada, Thane (West) - 400 610","DIL Ltd. (earlier known as Duphar-Interfran Ltd.) is a well-respected public listed company. It has built a stellar reputation for itself in the arenas of pharmaceuticals, biotechnology, environmental solutions and other segments including Entertainment and Health & Wellness. But the huge conglomerate of today certainly had quite humble beginnings. The late Dr. Datla Venkata Krishnam Raju or Dr. DVK Raju as he was fondly called; was a legend of extraordinary caliber, a man of vision and a pioneer of the Indian drug industry. Born in a small village in Andhra Pradesh, Dr. DVK Raju inherited the father’s traits of being a self made man. Armed with a Doctorate in Pharmaceutical Chemistry from the London School of Pharmacy coupled with his entrepreneurial acumen and nationalistic outlook, he returned to India in 1948 to start his own ventures. List of CROs by location Europe North America Asia Africa South America Oceania Regulations",https://ichgcp.net/cro-list/country/india/company/dil_limited
Dishman Group,dishmangroup.com,India,ichgcp,dishman@dishmangroup.com,91  27  1766  9600,"Bavla,Dishman Carbogen Amcis Limited,Survey No. 47,Paiki Sub Plot,No. 1 Village,Lodariyal Taluka - Sanand,Dist. Ahmedabad 382220","Dishman is the global outsourcing partner for the pharmaceutical industry offering a portfolio of development, scale-up and manufacturing services. The products and services offered span customers’ needs from chemical development to commercial manufacture and supply of active pharmaceutical ingredients. Dishman has a relationship driven business model that improves its customers businesses by providing a range of solutions at locations in Europe, China and India. Our offer delivers the best of both worlds:western expertise in speed, flexibility, innovation and rapid material provision,new world expertise in process optimisation, robust large scale processes and secure economic commercial supply. Our commitment is to deliver cost-competitive technical excellence and to be a reliable partner to our customers, protecting their interests as if they were our own. Dishman is headquartered in Ahmedabad, India and is listed on the Bombay Stock Exchange Ltd. (BSE) and The National Stock Exchang",https://ichgcp.net/cro-list/country/india/company/dishman_group
Divi's Laboratories Limited,divislabs.com,India,ichgcp,,+91  (40)  2378  6300,"1-72/23(P)/DIVIS/303, Divi Towers, Cyber Hills, Gachibowli, Hyderabad, Telangana, India – 500 032.","Divi’s  has been established for more than 29 years in Hyderabad, India with two manufacturing units and is among the top pharmaceuticals companies in India. Divi’s is recognized as a ‘Reliable Supplier of generic APIs (Active pharmaceuticals ingredients)’ and a trustworthy ‘Custom Manufacturer’ to Big Pharma and also is among the top API manufactures in the world. Divi’s is the leading manufacturer of APIs(Active pharmaceuticals ingredients), Intermediates and Registered starting materials offering high quality products with the highest level of compliance and integrity to over 95 countries. Divi’s recently reached the milestone of being one among the top 3 API manufacturers in the world and one among the top API companies in Hyderabad 11,000 highly trained professionals across departments and 350 scientists at Divi’s work together to bring world class products to customers. Divi’s is a Public limited company listed on the Indian stock exchange with a revenue of  INR 5036 crores (~$73",https://ichgcp.net/cro-list/country/india/company/divis_laboratories_limited
Dubar Research Foundation,daburresearch.in,India,ichgcp,contact@daburresearch.in,91(0120)  3378990,"22, Site IV, Sahibabad, Ghaziabad - 201010, Uttar Pradesh","Dabur Research Foundation (DRF) is an Indian Contract Research Organization offering pre-clinical services in Drug Discovery and Development, ranging from identification of potential lead molecules, drug development to IND enabling studies. We offer pre-clinical services to global Biotech, Pharma, Phytopharmaceuticals Cosmescuticals and academia sectors. Our services broadly fall into the functional areas of In Vitro, ex-Vivo & In Vivo Pharmacology, Exploratory & GLP Toxicology & DMPK. Our genesis is from the Dabur group of companies and we started operating as a preclinical service provider after a strategy spin-off from our parent company in the year 2008. It is this experience of 20 years of drug discovery & development that we bring to our clients as a preclinical service provider. List of CROs by location Europe North America Asia Africa South America Oceania Regulations",https://ichgcp.net/cro-list/country/india/company/dubar_research_foundation
Endpoint,endpointclinical.com,India,ichgcp,info@endpointclinical.com,8004430028,"V Ascendas IT Park Capella Building, 5th Floor Plot #17 Software Units Layout Madhapur, Hyderabad 500081 Telagana Other Endpoint's locations around the world","endpoint is the destination for people who are passionate about delivering the most innovative and high-quality IRT solutions for clinical trials. We find purpose through hard work and a commitment to excellence, resulting in a competitive advantage unparalleled in the industry. Through endpoint’s culture of accountability and execution, we ensure that our customers are able to focus on the science of developing lifesaving medications for patients. List of CROs by location Europe North America Asia Africa South America Oceania Regulations Resources",https://ichgcp.net/cro-list/country/india/company/endpoint
Eurofins Advinus,advinus.com,India,ichgcp,info@advinus.com,91  80  6655  2700,"(formerly Advinus Therapeutics Limited) #21 & #22 Phase II, Peenya Industrial Area Bangalore 560058","Eurofins Advinus is a R&D services company that supports the discovery and development of compounds for diverse industries including Pharmaceuticals, Biologicals, Agrochemicals, Nutraceuticals and Cosmetics. Eurofins Advinus is part of Eurofins Scientific, a EUR 2.5 Billion leading international group of laboratories providing a unique range of analytical testing services to the pharmaceutical, food, environmental and consumer products industries and to governments. Eurofins Advinus facility has over 30 years of GLP experience in conducting regulatory studies in compliance with global regulations for supporting clinical trials and registration of substances and products globally. For the pharma/biotech industries, Eurofins Advinus offers end-to-end services in the areas of preclinical toxicology testing, chemical process development, analytical R&D, drug metabolism and pharmacokinetics for IND submission. In addition, the company also offers long term non-clinical toxicology testing, i",https://ichgcp.net/cro-list/country/india/company/eurofins_advinus
Global Drug Development Experts (GDDE),gddexperts.com,India,ichgcp,info@gddexperts.com,(91)712  6669081,"GDD Experts India Private Limited. Third Floor, Padmanabh Residency. 16/B; Behind Surbhi Girls Hostel. Ahead of Shankar Nagar; Tilak Nagar; Nawab Layout Nagpur 440010, Maharashtra Other Global Drug Development Experts (GDDE)'s locations around the world","Global Drug Development (GDD) Experts is the Site Management Organization (SMO) of choice in India. GDD is a US-based company, and brings global expertise in quality assurance and patient enrollment to the Indian SMO market. Unmatched in therapeutic and operational expertise, GDD is committed to our clients' success. We serve global pharmaceutical, CRO, biotechnology and medical device companies across all clinical trial phases. Our clients demand, and we deliver, world-class results in both Quality and Speed of Enrollment. List of CROs by location Europe North America Asia Africa South America Oceania Regulations Resources",https://ichgcp.net/cro-list/country/india/company/global_drug_development_experts_gdde
GVK Biosciences,gvkbio.com,India,ichgcp,,91  40  6692  9999,"GVK Biosciences Private Limited Plot No. 28 A, IDA Nacharam, Hyderabad – 500076, India Other GVK Biosciences's locations around the world","GVK BIO, a leading Contract Research & Development Organization – CRDO that services the global Biopharma industry; is headquartered in Hyderabad, India with operations in four sites including California, USA. Established in 2001, GVK BIO has over 16 years of rich experience across the Research and Development value chain with a focus on speed and quality. Our team of over 2000 highly qualified scientists, backed by well-defined and scalable processes, modern facilities and a strong customer-centric partnering approach, focus on bringing our customers’ products to market. We partner with reputed global academic institutions and research laboratories to find efficient, cost-effective and innovative solutions to their Research and Development challenges List of CROs by location Europe North America Asia Africa South America Oceania Regulations Resources",https://ichgcp.net/cro-list/country/india/company/gvk_biosciences
Hi Tech Bio Laboratories,htblindia.com,India,ichgcp,info@htblindia.com,+91  20  25285026,"C-2/102, Saudamini Complex, Survey No. 101/1, Bhusari Colony, Paud Road, Kothrud, Pune – 411038 Maharashtra","Hi Tech BioSciences India Ltd. is a prominent supplier of high end products and research based solutions in the arena of nutraceuticals and biocatalysis. Founded by Dr. Raghavendra Gaikaiwari in 2007, Hi Tech BioSciences has in a short period of time emerged as a leader in Probiotics & Nutraceutical products and Biocatalysis solutions for a wide range of clients from diverse industry verticals like pharmaceuticals, API intermediates, Food, agrochemical and other industries. We offer standardized as well as customized products and solutions to our clients, allowing flexibility and greater efficacy. We have top of the line research and manufacturing infrastructure, enabling us to provide end-to-end solutions ranging from proof-of-concept to product development and manufacturing and we strive towards synergistic, mutually beneficial and long-term partnerships with our clients. List of CROs by location Europe North America Asia Africa South America Oceania",https://ichgcp.net/cro-list/country/india/company/hi_tech_bio_laboratories
Indus Biotherapeutics,indusbiotech.com,India,ichgcp,info@indusbiotech.com,+91  20  26851239,"1 Rahul Residency, Off Salunke Vihar Road, Kondhwa,Pune, Maharashtra, India - 411048","Founded in 1995, Indus Biotech is a pioneer in deriving science based dietary ingredients from food chain raw materials through revolutionary patented technology. Our products are subjected to the highest levels of scientific rigour. We understand the mechanism of action and the Chemistry and Manufacturing Controls (CMC) of our products. This leads to standardization and reproducibility in our manufacturing process. List of CROs by location Europe North America Asia Africa South America Oceania Regulations Resources",https://ichgcp.net/cro-list/country/india/company/indus_biotherapeutics
Infoclin LLP,infoclinconsultancy.in,India,ichgcp,subhajitp@infoclinconsultancy.com,91(0)3348035249,"27 Jodhpur Colony,2nd floor,P.O-Lake Gardens,Kolkata,West Bengal,pin code-700045","Infoclin LLP (A research management company) Introduction Infoclin LLP is a clinical research management company, based at Kolkata, India & business development center in Mumbai, India. Initially it was set up as site Network Company in the name of Infoclin Consultancy in 2014, effective from 2015.Eventually we grasp the network & converted into site network, which is now Infoclin LLP. Since our beginning, we have tried to analyse the setbacks of growth of the trial specifically in the eastern part of India, which is now in Pan India basis & recently started in neighbouring country Bangladesh also. Vision & Mission • Our purpose is to create healthier lives for people today and generations to come. • We connect our competences in Life Sciences to create solutions that protect and improve human life. The company was formed with a particular aim, to provide seamless experience to the sponsor, with highest protocol adherence & patient safety at its highest priority & recruitment & retenti",https://ichgcp.net/cro-list/country/india/company/infoclin_llp
Innovate Research,innovate-research.com,India,ichgcp,Devesh.kumar@innovate-research.com,+91 78277 58840,"Building C-120, 3rd Floor Sector - 2, Noida, 201301, India Other Innovate Research's locations around the world","Innovate Research stands as a leading Contract Research Organization (CRO) dedicated to providing comprehensive services in the dynamic field of clinical research, established in January 2014 With a strategic presence across the globe, our offices are in India, USA, UAE, and Hungary, ensuring a widespread reach and facilitating seamless global collaboration. Innovate Research excels in providing end-to-end solutions for clinical research, encompassing various phases and therapeutic areas. Our Expertise Includes: Clinical Trials : Conducting Phase I to Phase IV Drug Molecule Studies, Vaccines, Nutraceuticals, Herbal Products, Cosmetics, and Medical Device Trials.",https://ichgcp.net/cro-list/country/india/company/innovate_research
International Pharma Trials,ipharmatrials.com,India,ichgcp,kirtipatel@ipharmatrials.com,91-22-2611-3723,"Mumbai,B-32 Anand Apartments,Santacruz Subway Road, Mumbai 400054 Other International Pharma Trials's locations around the world",The International Pharma Trials group is committed to the highest standards of clinical excellence and scientific expertise. List of CROs by location Europe North America Asia Africa South America Oceania Regulations Resources,https://ichgcp.net/cro-list/country/india/company/international_pharma_trials
IntrexTest,inrextest.com,India,ichgcp,pp@inrextest.com,(91)  20-66078498   (91)  20-30224466   (91)  20-25679081,"5 Harmony House 797/1, Bhandarkar Institute Road Pune, Maharashtra 411 004. Other IntrexTest's locations around the world","InrexTest facilitates and coordinates pharmaceutical and medical device studies through our team of internal experts coupled with top quality labs supporting preclinical and clinical testing at every stage of development. At InrexTest, we understand customers’ priorities. We utilize our technical expertise to design and customize individualized research projects based on client inputs. We qualify and audit testing facilities that are best suited to conduct your research. Our highly competent staff oversees the complete execution of the project and delivery of signed reports to the client. List of CROs by location Europe North America Asia Africa South America Oceania Regulations Resources",https://ichgcp.net/cro-list/country/india/company/intrextest
Invitro Research Solutions Private Limited,ivrs.org.in,India,ichgcp,,+91 95737 87573,"22 & 23, Kodigehalli Main Rd, Sahakar Nagar, Hebbal, Bengaluru, Karnataka 560092","InVitro Research Solutions Pvt. Ltd. (iVRS) is a premier Contract Research Organization (CRO) dedicated to delivering high-quality clinical research services for the Pharmaceutical, Biopharmaceutical, Medical Device, Nutraceutical, Herbal, and Healthcare industries. Our expertise spans in-vitro testing, bioanalytical studies, and regulatory support, offering comprehensive solutions for drug discovery and development. List of CROs by location Europe North America Asia Africa South America Oceania Regulations Resources",https://ichgcp.net/cro-list/country/india/company/invitro_research_solutions_private_limited
Jai Research Foundation (JRF Global),jrfglobal.com,India,ichgcp,bd@jrfonline.com,91  9909900950  9825603140,"NH-48, Near Daman Ganga Bridge Valvada - 396 105 (Old: 396 108), Gujarat Other Jai Research Foundation (JRF Global)'s locations around the world","JRF Global offers comprehensive non clinical GLP research services for regulatory submissions, worldwide. We offer fast, transparent, cost-effective, and hassle-free services in Toxicology, Eco-toxicology, Chemistry, Environmental Fate and Metabolism, and other regulatory testing requirements. Our experienced and knowledgeable scientists have worked with pharmaceutical and biopharmaceutical, agrochemical, specialty chemical, industrial biotech, biocidal, cosmetic, and veterinary products.  With locations in India, USA, UK, and Japan, we are the obvious partner-of-choice of over 600 companies for non clinical safety data generation.JRF Global offers integrated services for evaluating products for their chemical properties, eco-toxicological and environmental fate, and mammalian safety. In addition, we also provide regulatory guidance to minimise the testing time and efforts. List of CROs by location Europe North America Asia Africa South America Oceania Regulations",https://ichgcp.net/cro-list/country/india/company/jai_research_foundation_jrf_global
JSS Medical Research,jssresearch.com,India,ichgcp,,+91 129 6613500,"Tower 2, 1st Floor, South Wing L&T Business Park Plot no 12/4 , Sector 27 D, Near Sarai Khawaja Metro Station Delhi Mathura Road, Faridabad -121003, Haryana Other JSS Medical Research's locations around the world","JSS Medical Research is a full-service CRO built on a foundation of epidemiological and scientific expertise, with a strong network of academic affiliations and over 30 years of experience in multiple therapeutic areas. We are an international Canadian-owned company with offices in Canada, the USA, Colombia, India and Poland. We have over 200 ongoing projects in fiscal 2020 and are present in more than 20 countries with approximately 300 full time employees. Comprehensive services provided globally by JSS Medical Research support pharmaceutical, biotechnology, nutraceutical and medical device companies with their pre- and post-approval clinical development as well as reimbursement goals and strategies. List of CROs by location Europe North America Asia Africa South America Oceania",https://ichgcp.net/cro-list/country/india/company/jss_medical_research
Kemwell Biopharma,kemwellbiopharma.com,India,ichgcp,info.india@kemwellpharma.com,(+91-80)  2698  2400,"Kemwell Biopharma Pvt. Ltd.  34th KM, Tumkur Road  T-Begur, Nelamangala  Bangalore, 562 123","Kemwell is a contract biologics development and CMO company providing services to global biopharmaceutical organizations. Kemwell facilities, located in Bangalore, India, are designed and developed with technological support from a leading German pharma company. Kemwell provides customers with cost-effective access to state-of-the-art technology for all mammalian cell culture based products’ development and manufacturing. List of CROs by location Europe North America Asia Africa South America Oceania Regulations Resources",https://ichgcp.net/cro-list/country/india/company/kemwell_biopharma
Labnetworx,labnetworx.com,India,ichgcp,info@labnetworx.com,91-85273-17888,107 Wegman's Business Park Knowledge Park III Surajpur Kasna Road Greater NOIDA Uttar Pradesh - 201308 Other Labnetworx 's locations around the world,"Labnetworx is a consulting company that operates at the interface of Healthcare, Life Sciences, Pharmaceuticals and Information Technology. We offer our customers solutions designed to meet the needs of today and tomorrow.... List of CROs by location Europe North America Asia Africa South America Oceania Regulations Resources",https://ichgcp.net/cro-list/country/india/company/labnetworx
Lambda Therapeutic Research Limited,lambda-cro.com,India,ichgcp,BD@lambda-cro.com,+91-79-40202020,"Lambda House  Plot No. 38, Survey no. 388  Near Silver Oak Club,  S. G. Highway,  Gota, Ahmedabad-382481. Gujarat Other Lambda Therapeutic Research Limited's locations around the world","We, Lambda Therapeutic Research Limited are a leading global Clinical Research Organization (CRO) headquartered in Ahmedabad – India, with facilities and operations in Mehsana (India), Warsaw (Poland), London (UK), Pittsburgh (USA), Las Vegas (USA) and Fargo (USA). Over 1500 employees are working across the globe in these facilities. Lambda offers Full-spectrum clinical trial solutions empowered by more than 20 years of service to the biopharmaceutical and generic industry. At Lambda, our gamut of services under the clinical research domain are executed with comprehensive efforts, to deliver positive results. Led by a management team of highly qualified & experienced industry leaders, we apply innovative technologies, therapeutic expertise and a commitment to quality in order to help clients develop products safely, effectively and quickly. Delivering the best is accomplished by hiring the best. Employees are the pillars that hold up every quality promise that we make. That’s why, we a",https://ichgcp.net/cro-list/country/india/company/lambda_therapeutic_research_limited
Laxai,laxai.net,India,ichgcp,info@laxai.net,91  40  6111  6888,"3rd Floor, Ventureast Plaza, Plot Nos. 40 & 41, Road Number 2, Financial District, Nanakramguda, Ranga Reddy District, Telangana 500032 Other Laxai's locations around the world","Laxai Life Sciences Pvt. Ltd. was established in the year 2007, with a vision to accelerate the discovery chemistry campaign of global pharmaceutical companies, by supporting the high quality intended compounds in reduced pricing and timeline. With this vision, a group of highly skilled research scientists have facilitated the birth of “Laxai” List of CROs by location Europe North America Asia Africa South America Oceania Regulations Resources",https://ichgcp.net/cro-list/country/india/company/laxai
Max India,maxindia.com,India,ichgcp,,91  11  49376000,"167, Floor -1, Plot – 167, Ready Money Terrace, Dr. Annie Besant Road, Worli, Mumbai - 400018","Max India, a part of the leading Indian conglomerate Max Group, has a presence in the senior living and healthcare industry. It is the holding company of Antara Senior Living and an equal joint venture partner with a 49.7% in Max Healthcare along with Radiant Life Care Private Limited (Radiant). Max India’s businesses have well-entrenched positions in their respective categories and are recognized for their outstanding service standards. Max India is listed on both the Bombay Stock Exchange as well as the National Stock Exchange. For more details, visit List of CROs by location Europe North America Asia Africa South America Oceania Regulations Resources",https://ichgcp.net/cro-list/country/india/company/max_india
Maya Clinicals,mayaclinicals.com,India,ichgcp,sales@mayaclinicals.com,1.650.943.2477,"Flat No. 604, 7th Floor, Cyber Heights, Road No 2, Banjara Hills, Hyderabad 500034 Telangana Other Maya Clinicals's locations around the world","Maya Clinicals is a Northern California CRO with an extensive network of sites, MD’s, and specialists in India. We are focused on working with Bio-Pharma start-ups and Pharma companies in a unique and flexible co-development model to accelerate drug development programs and lower the barrier to developing new therapeutics. List of CROs by location Europe North America Asia Africa South America Oceania Regulations Resources",https://ichgcp.net/cro-list/country/india/company/maya_clinicals
Metropolis,metropolisindia.com,India,ichgcp,,022-33993939,"250-D, Udyog Bhavan, Hind Cycle Marg, Behind Glaxo, Worli, Mumbai – 400030","We are one of the leading diagnostics companies in India, by revenue, as of March 31, 2018 (Source: Frost & Sullivan). We have widespread presence across 18 states in India, as of March 31, 2018, with leadership position in west and south India (Source: Frost & Sullivan). Through our widespread operational network, we offer a comprehensive range of clinical laboratory tests and profiles, which are used for prediction, early detection, diagnostic screening, confirmation and/or monitoring of the disease. We also offer analytical and support services to clinical research organizations for their clinical research projects. During the financial year 2018, we conducted approximately 16.0 million tests from approximately 7.7 million patient visits. List of CROs by location Europe North America Asia Africa South America Oceania Regulations Resources",https://ichgcp.net/cro-list/country/india/company/metropolis
MMS Holdings,mmsholdings.com,India,ichgcp,Asia@mmsholdings.com,+91  80  40948717,"MMSH Clinical Research Pvt. Ltd. 2/1, Dr. Rajkumar Road, Rajajinagar Bangalore 560010 Other MMS Holdings's locations around the world","MMS is a place where years of proven success have guided sponsors through their data services and regulatory submissions goals. When MMS takes on a project, colleagues become ingrained in that sponsor – taking on a greater level of care and guiding them towards a positive outcome. Sponsors that demand high quality come to MMS for strong industry expertise, a scientific approach to drug development, and top talent. Sponsors stay with MMS for its flexibility, agility, and a “do what it takes” attitude that is unrivaled in the industry. With a global footprint across four continents, MMS was proud to be named Best Global Biotech CRO in the 2018 International Life Sciences Awards and Most Outstanding Global CRO in the 2019 Biotechnology Awards. List of CROs by location Europe North America Asia Africa South America Oceania",https://ichgcp.net/cro-list/country/india/company/mms_holdings
Ocimum Biosolution,ocimumbio.com,India,ichgcp,info@ocimumbio.com,91-40-6698-6700,"Royal Demeure, Plot No. 12/2, Sector-1 HUDA Techno Enclave, Madhapur Hyderabad-500 081, A.P","“Ocimum Biosolution” is a comprehensive Integrated Life Science Informatics solutions provider with service offerings that span Sample and Data Management (LIMS, Biologics Data Management), Genomics Data Analysis Services such as Gene Expression, Genotyping, and Next Gen Sequencing, Bioinformatics and Genomics Databases (BioExpress®, ToxExpress®) and Bio-IT consulting services. List of CROs by location Europe North America Asia Africa South America Oceania Regulations Resources",https://ichgcp.net/cro-list/country/india/company/ocimum_biosolution
Orphan Reach,orphan-reach.com,India,ichgcp,,91  79  6611  8029,"No. B 209, Westgate,S.G Highway,Ahmedabad 380015,Gujarat Other Orphan Reach's locations around the world","Navigating the CRO landscape can be difficult for biotech companies that vastly rely on outsourcing as the differentiation between CROs seems marginal and confusing at times. Orphan Reach is different: We are a boutique service provider solely focused on orphan product candidates supported by a competent team of experts in the field of rare diseases. Our name is our mission. Our highly experienced and motivated team, backed by our resolute commitment to quality will enhance this drug development process for the benefit of all. We undertake our mission with dedication to flexibility, operational excellence and cost effectiveness. List of CROs by location Europe North America Asia Africa South America Oceania Regulations",https://ichgcp.net/cro-list/country/india/company/orphan_reach
Pharmaffiliates,pharmaffiliates.com,India,ichgcp,,sabharwal.abhinav,"Plot Number 225 ,Industrial Area, Phase II, Panchkula,Haryana-134109 Other Pharmaffiliates's locations around the world","Pharmaffiliates Analytics and Synthetics P. Ltd., a Research Based Organization is a gigantic name in the global market, which offers services to Pharmaceutical industry, Biotechnology industry, API manufacturers, Bulk drug suppliers, clinical CROs, Research institutes and other allied industries. Started in the year 2001 as a research based organization, Pharmaffiliates is known in the industry for its state of the art research and development center, located in the North Indian state of Haryana, India. With a core team of our subject matter experts which is a blend of highly experienced and learned scientists along with young and dynamic associates, Pharmaffiliates main focus is on synthetic research, analytical research, NDDS and regulatory consulting. List of CROs by location Europe North America Asia Africa South America Oceania",https://ichgcp.net/cro-list/country/india/company/pharmaffiliates
Premas Biotech,premasbiotech.com,India,ichgcp,contact@premasbiotech.com,91-124-4546600,Plot 77 Sector 4 IMT Manesar Gurgaon India 122050,"Premas Biotech is an emerging trendsetter in next generation protein expression and process development for scale up. With over 13 years of experience and a world-class team of scientists, we enable customers steer therapeutic development in a quicker, more certain, more secure & a more cost-effective way. Premas has continuously been acknowledged for on-time deliveries, strong processes, COGS reduction and analytical development. But what probably brings our customers back the most is the flexibility we offer in our approach to tackle each project based on their specific needs. Beyond business of expressing proteins, we’ve successfully established relationships with each customer as a long-term partner offering strategic expertise in their journey to create IPs. List of CROs by location Europe North America Asia Africa South America Oceania Regulations Resources",https://ichgcp.net/cro-list/country/india/company/premas_biotech
ProRelix Research,prorelixresearch.com,India,ichgcp,info@prorelixresearch.com,+91 20 2547 8064,"102 A/B, 1st Floor, Park Plaza, Near State Bank Colony, Karve Nagar, Pune 411052 Other ProRelix Research's locations around the world","Since 2014 ProRelix Research has been supporting our clients with outstanding clinical research services. The successful growth of ProRelix Research has been achieved by putting high quality and client focus at the heart of everything we do. We leverage our experience and expertise at the early stages of discussions with our clients to freely advise them on the optimal project plan. We then reach decision with each client on the scope of service, timelines and budget. ProRelix Research then commits to deliver those services on time and within budget – according to our End-to-End Guarantee. Our commitment to guaranteed delivery is unique in the clinical research environment which is otherwise notable for the routine occurrence of delays and cost overruns. Acting through Pharmaceutical, Medical Device Research teams, and with a comprehensive portfolio of services, we offer a flexible approach to ensure ProRelix Research optimally support the unique needs of each client. This could mean p",https://ichgcp.net/cro-list/country/india/company/prorelix-research
RCC Laboratories,rccltd.in,India,ichgcp,marketing@rcclabs.com,91  40  2348  0421/  422/  423/  424,"Genome Valley, Hyderabad Post Code: 500 078. Andhra Pradesh, India.","Originally founded in Basel, Switzerland in 1977, RCC has grown into one of Europe’s largest pre-clinical research providers by developing services that meets the needs of worldwide clients. RCC Laboratories India was established in November 2005 and started operations during August 2006 with the aim to provide preclinical and safety services following national and international guidelines with global RCC standards and QA programs List of CROs by location Europe North America Asia Africa South America Oceania Regulations",https://ichgcp.net/cro-list/country/india/company/rcc_laboratories
Reliance Life Sciences,rellife.com,India,ichgcp,,91  22  6767  8000,"Dhirubhai Ambani Life Sciences Centre,R-282, TTC Area of MIDC, Thane-Belapur Road, Rabale,Navi Mumbai 400 701","Reliance Life Sciences is a research-driven organization developing business opportunities in bio-therapeutics (plasma proteins, biosimilars and novel proteins), pharmaceuticals (later-generation, oncology generics), clinical research services, regenerative medicine (stem cells therapies) and molecular medicine.  Reliance Life Sciences is part of the Promoter Group of Reliance Industries Limited. Reliance Life Sciences has launched three of the world’s first biosimilars, has the largest number of biosimilars in the market in India, and the highest number of biosimilars under development globally. It has the distinction of being the first integrated manufacturer of plasma proteins in South Asia. Reliance Life Sciences has catalyzed the emergence of regenerative medicine in the country, and has the highest experience with cord blood stem cell transplants in India. RLS is one of the few centres in the world offering a specialized range of tests in molecular medicine and molecular genetics",https://ichgcp.net/cro-list/country/india/company/reliance_life_sciences
Sai Life Sciences,sailife.com,India,ichgcp,,91  40  3315  6000,"L4, SLN Terminus, Gachibowli,Hyderabad 500032, Telangana","Sai Life Sciences delivers advanced Discovery, Contract Development and Manufacturing Solutions, through a broad suite of expert capabilities across the molecular lifecycle.We are an ideal drug discovery, development and manufacturing partner. Our pharma and biotech clients gain clear competitive advantages through shorter time to market and risk minimization using our integrated and high-quality scientific services. List of CROs by location Europe North America Asia Africa South America Oceania Regulations Resources",https://ichgcp.net/cro-list/country/india/company/sai_life_sciences
Spectrum Clinical Research,spectrumcr.com,India,ichgcp,info@spectrumcr.com,91-22-6615  5570  /  4064  5100,"401 Kshamalaya,37 New Marine Lines,Mumbai 400 020,Maharashtra","Spectrum Clinical Research is an one-of-its-kind patient-focused drug development organization. Our aim is to provide quality clinical research support to pharmaceutical companies and Contract Research Organizations in order to facilitate the development of new chemical entities, evolve innovative therapies and support research on novel drug delivery systems, keeping the well - being & safety of patients at the core of our every endeavor ensuring compliance to the highest regulatory, scientific & ethical standards by ICH, WHO, USFDA. We at SCR bring forth the path-breaking scientific expertise, quality commitment and benchmark ethical practices to carry out clinical development of new molecular entities and novel therapies better, faster and with a high level of accuracy. List of CROs by location Europe North America Asia Africa South America Oceania",https://ichgcp.net/cro-list/country/india/company/spectrum_clinical_research
Strand,strandls.com,India,ichgcp,info@strandls.com,91-80-4078-7263,"5th Floor, Kirloskar Business Park ,Bellary Road, Hebbal, Bangalore 560024","Strand offers clinical research and development services to pharmaceutical and biotechnology companies in the areas of clinical trial management, biomarker discovery, and validation. Led by a team of specialist oncopathologists, molecular biologists, and clinical researchers, we are well-positioned to leverage the wide variety of patient cases. The molecular research department undertakes sponsored research projects for pharmaceutical and biotechnology companies relating to the discovery and validation of cancer biomarkers. We manage an annotated biorepository of clinical specimens, including cancer tumour tissue (and in most cases, paired normal tissue), blood and serum. In many cases, we also maintain clinical data for patients, all in full compliance with norms of good clinical practice and as per protocols approved by our central ethics committee. Our clinical research team works with physicians to determine the genetic profile of different types of cancer to formulate personalized",https://ichgcp.net/cro-list/country/india/company/strand
Strides Pharma Science Limited,strides.com,India,ichgcp,,91  80  6784  0000  /  6784  0738,"Strides House, Bilekahalli, Bannerghatta Road,Bangalore – 560076","Incorporated in 1990, Strides Pharma Science Limited is a global pharmaceutical company headquartered in Bangalore, India. The Company has two business verticals, viz., Regulated Markets and Emerging Markets. Strides has a global manufacturing footprint with seven manufacturing facilities spread across three continents, including four US FDA approved facilities and two facilities for the emerging markets. The Company has a dedicated R&D facility in India with global filing capabilities and a strong footprint across 100 countries. List of CROs by location Europe North America Asia Africa South America Oceania",https://ichgcp.net/cro-list/country/india/company/strides_pharma_science_limited
SyMetric,symetricsystems.com,India,ichgcp,info@symetricsystems.com,91  (80)  4113  5402  91  (80)  2520  0500  Ext.  #406,"No. 17, CA Site No.1,Behind Hotel Leela palace,HAL 3rd Stage, Bangalore - 560008","SyMetric (a brand owned by Achiral Systems Private Limited) is the brainchild of a group of highly-skilled professionals with in-depth exposure to the IT Software and Clinical Research Industries. With more than 120 person years of combined relevant experience amongst us, we are engaged in building comprehensive, seamless and world class integrated software solutions for the Clinical Research Industry. We engage with Doctors, Therapists, Researchers, Developers, Architects, CROs/CRAs, Warehouses etc. to study the emerging business trends to incorporate/adopt them into our product. Our association with distinguished personalities in the industry helps us benchmark our products with the industry. We provide web based software solutions and services for Clinical Research Industry under our brand name SyMetric C6 and SyMetric BIO. We thrive on research and innovation. We spend considerable effort studying the industry trends, working with experts associated with Clinical Research, analyzin",https://ichgcp.net/cro-list/country/india/company/symetric
Symphony Pharma Life Sciences,sympharma.com,India,ichgcp,info@sympharma.com,919550352323,"Plot.#7/A, Biotech Park, Phase - II,Genome Valley, Kolthur (V), Shameerpet (M), Medchal(Dist.),500101, Telangana Other Symphony Pharma Life Sciences's locations around the world",Established in 2008 by Pharma industry experts Technology driven organization with a flexible approach. Founded by scientists with proven industrial track record. Expertise in Process Research/Development and scale-up (non-GMP and cGMP). Research partner for Innovator/Generic Pharmaceutical and Biotech companies across the globe List of CROs by location Europe North America Asia Africa South America,https://ichgcp.net/cro-list/country/india/company/symphony_pharma_life_sciences
TCG Lifesciences Private Limited,tcgls.com,India,ichgcp,bd@tcgls.com,91  33  6600  7000  91  33  40007000/20,"Kolkata - R&D Centre, Chemistry,Block BN, Plot 7,Salt Lake Electronics Complex,Sector V, Kolkata – 700091,West Bengal","TCG Lifesciences Private Limited (formerly “Chembiotek Research International”) is a leading Contract Research and Manufacturing Services (“CRAMS”) company in the area of early drug discovery and development. We started our operations in the year 2001 in India; currently we have our presence in United States, Europe, Japan and Australia. We have a strong talent pool of 800+ trained scientists, drawn from the best national and international institutes and industry. Our services span from specific solutions to integrated discovery projects across multiple therapeutic areas with focus on Central Nervous System (CNS), Inflammation & Pain, Metabolic Disorders and Infectious Diseases, and we are presently initiating the setting up of the oncology platform.Our research infrastructure includes world class chemistry and biology laboratories, animal facility, electrophysiology laboratory, BSL 2 laboratory, and cGMP facilities at our R&D centers in Kolkata. Our API manufacturing subsidiary ‘Clini",https://ichgcp.net/cro-list/country/india/company/tcg_lifesciences_private_limited
Tech Observer,tech-observer.com,India,ichgcp,India@tech-observer.com,91  11  2852  4382,"1391/34A, Pandit Vishnu Dutt Marg, RC Basti,Block WZ, Nangal Raya, Janakpuri, New Delhi, Delhi 110046 Other Tech Observer's locations around the world","Whether in the race of bringing that best-in-class treatment to patients or conducting post-marketing research to generate real-world evidence, you can count on Tech Observer to reach the goal. We can help in clinical operations, data management, statistical analysis and medical writing. Meeting the treatment needs of the patient is a relentless pursuit fraught with challenges, obstacles, and failures. Let Tech Observer walk with you through this baptism of fire. List of CROs by location Europe North America Asia Africa South America Oceania Regulations",https://ichgcp.net/cro-list/country/india/company/tech_observer
The Sanmar Group,sanmargroup.com,India,ichgcp,reachus@sanmargroup.com,91  44  2812  8500,"9, Cathedral Road,Chennai - 600 086, Tamil Nadu,","The Sanmar Group has come a long way since its first international foray back in the 1970s. Since then, the Group has set the benchmark for global partnerships in a range of industry segments. These are partnerships based on trust, transparency and respect for intellectual property rights. Characterised by strong and conservative financial practices, the Group has a track record of steady growth and consistent excellence in all of its businesses. The Group has 100% or majority or significant holdings in all its businesses. These businesses are professionally managed and grouped in industry segments as follows: Chemicals (including Speciality Chemicals) Engineering Technologies (Products and Steel Castings) Shipping List of CROs by location Europe North America Asia",https://ichgcp.net/cro-list/country/india/company/the_sanmar_group
The SIRO,siroclinpharm.com,India,ichgcp,bd@siroclinpharm.com,91  22  6108  8000,"Kalpataru Prime, 1st floor, Unit Nos. 3 & 4, Road No. 16, Wagle Industrial Estate, Thane (W), Maharashtra  400 604 Other The SIRO's locations around the world","Incorporated in 1996, SIRO Clinpharm Private Limited is a Clinical Research Organisation supporting trials from Phase II to Phase IV and beyond post-launch of products. SIRO offers a range of services, from clinical operations to data services, data analytics and medical writing in compliance with international standards. SIRO has been an industry pioneer over two decades, sharing an incontestable record of excellence in the pharmaceutical, FMCG and medical device industry. Its global delivery centre in Thane has a seasoned team of more than 200 professionals hailing from science and medical backgrounds. List of CROs by location Europe North America Asia Africa South America Oceania Regulations",https://ichgcp.net/cro-list/country/india/company/the_siro
Vedic Lifesciences,vediclifesciences.com,India,ichgcp,connect@vediclifesciences.com,91-22-  42172300,"203 Morya Landmark 1,Off Link Road, Andheri (West),Mumbai 400053 Other Vedic Lifesciences's locations around the world","Vedic Lifesciences has been helping food supplement and ingredient companies substantiate health claims for North America, Europe and Asia for the last two decades. As a contract research organization (CRO), we have completed more than 400 clinical and preclinical studies in compliance with international regulations. We are among the few GCP-compliant CROs that are fully aligned with the FDA and FTC standards for human studies. List of CROs by location Europe North America Asia Africa South America Oceania Regulations Resources",https://ichgcp.net/cro-list/country/india/company/vedic_lifesciences
Veeda House,veedacr.com,India,ichgcp,info@veedacr.com,91  79  3001  3000,"Nr YMCA club, S. G. Highway, Ahmedabad- 380015, Gujarat, India","Veeda Clinical Research Pvt. Ltd. derives its name from the Sanskrit word 'Veda', meaning knowledge or wisdom. The name represents our firm belief in scientific knowledge and technical expertise to provide quality solutions. We are innovators with a foresight because of which we were the first ones at many instances to embrace new advancements and technologies with a vision to deliver enhanced solutions on time. We strongly believe in scientific excellence through teamwork and this has led us to become the safest and the most competent partner for the Pharmaceutical World and recognized as one of the best clinical research companies globally. Veeda CR is an independent Clinical Research Organization established in the year 2004 at Ahmedabad, Gujarat, India. Veeda CR was established with a vision of creating a CRO pharma with an in-depth scientific know-how, technical edge and better foresight for clinical trials, an objective of becoming a catalyst for enhanced drug development to faci",https://ichgcp.net/cro-list/country/india/company/veeda_house
VIMTA,vimta.com,India,ichgcp,bd@vimta.com,91  40  6740  4040,es,"VIMTA was established in 1984 and is a company driven by its vision and enduring strength. VIMTA’s business landscape includes analytical, clinical, preclinical services to life sciences industries; quality and safety testing for food and beverage industries; and environment services to a wide spectrum of industries. VIMTA has been supporting many national and overseas companies for more than 3 decades, for their third party testing, research and outsourcing needs. Along with the growth in pharma, food and other manufacturing sectors, we have been able to grow and also expand our services to international markets. Our services touch and impact the lives of millions of people across the globe. List of CROs by location Europe North America Asia Africa South America Oceania Regulations Resources",https://ichgcp.net/cro-list/country/india/company/vimta
Vivo Bio Tech,vivobio.com,India,ichgcp,contact@vivobio.com,9104048199999,es,"Vivo Bio Tech is a full service CRO offering drug development & discovery services to pharmaceutical & biotech companies world-wide in accordance with OECD - GLP, AAALAC & IND guidelines. The company offers services in the areas of In vivo & In vitro toxicity studies, Pharmacological investigations, Pharmacokinetic & toxicokinetic studies, Genotoxicity screening, Analytical services etc. Our experienced & talented scientists offer advice on defining drug development paths tailored to specific molecules. Our Scientific team provides both regulatory and non-regulatory IND enabling preclinical development services. We are capable of screening & evaluating molecules for various pharmacological & therapeutic properties. Specifically for oncology, our scientists can provide design & development of syngeneic / xenograft models for evaluation of anti-cancer agents. Further, our scientists can customize In vivo DMPK studies to help profile your drug candidate in both rodent and non-rodent anima",https://ichgcp.net/cro-list/country/india/company/vivo_bio_tech
Zenovel,zenovel.com,India,ichgcp,bd@zenovel.com,+916356353636,"1113 Satyamev Eminence, Science City Rd., Sola, Ahmedabad, Gujarat, India-380060","Zenovel is a highly reputed, credible, and reliable partner for GxP (GCP/GMP/GLP) Services, Regulatory Affairs and Pharmacovigilance Services . Zenovel has been a partner",https://ichgcp.net/cro-list/country/india/company/zenovel
Atlantia Clinical Trials,atlantiaclinicaltrials.com,Ireland,ichgcp,sales@atlantiatrials.com,+353 21 430 7442,"Floor 1, Heron House, Blackpool, Cork, Ireland. T23 R50R Other Atlantia Clinical Trials's locations around the world","Atlantia Clinical trials is a world-class provider of human clinical studies. For over a decade we have delivered clinical results to our many clients around the world, on time and on budget. We strive to offer the highest quality science while maintaining a cost-conscious approach to maximise the value proposition for each of our clients. Our state-of-the-art clinic sites both in Ireland and the USA ensure we can offer multicentre multinational studies of all design types, across a broad and diverse array of health areas and product portfolios. Our highly qualified and dedicated team will help you manage all aspects of your clinical project and guide you through the entire process, while keeping you fully informed of progress. As we own and operate our own clinics all of our ICH-GCP certified team are on hand to ensure your data is of the very highest quality and integrity and in strict accordance with the protocol. Some of our extensive clinical areas are healthy ageing, gastrointest",https://ichgcp.net/cro-list/country/ireland/company/atlantia_clinical_trials
tranScrip,transcrip-group.com,Ireland,ichgcp,info@transcrip-group.com,+353 1 885 1710,"Unit 9A, Plato Business Park, Damastown, Dublin, D15 PA4C Other tranScrip's locations around the world","Specialist Pharmaceutical Consultancy tranScrip is a highly specialist pharmaceutical consultancy that provides strategic expertise, therapeutic experience and operational excellence across the entire product lifecycle, supporting clients globally. We build product strategies as well as design and execute development programmes and commercialisation activities. Our experienced physicians and scientists, together with our regulatory, clinical and commercial experts, offer truly flexible bespoke solutions and support to maximise the value of products. We help to expedite the development and commercialisation of products for the benefit of patients worldwide. List of CROs by location Europe North America Asia Africa",https://ichgcp.net/cro-list/country/ireland/company/transcrip
Nextar Chempharma Solutions,nextar.co.il,Israel,ichgcp,,972-(0)-73-224-4444,"Einstein St. Building 13B Weizmann Science Park, P.O.B 4147 Ness Ziona 74140, Israel","Nextar Chempharma Solutions Ltd. Is an outsourcing company providing fully integrated contract drug development and manufacturing services. By combining formulation and analytical testing with GMP manufacturing and packing for clinical trials, Nextar offers a seamless support package. We brought together industry's leading scientists and highly-reputable  R&D and production teams to support our customers with strong expertise in cutting edge technologies. Our professional and experienced team is focused on two major principles: Quality of work and Cost effectiveness. List of CROs by location Europe North America Asia Africa South America Oceania Regulations Resources",https://ichgcp.net/cro-list/country/israel/company/nextar_chempharma_solutions
Q-Trials,q-trials.com,Israel,ichgcp,info@q-trials.com,972  (8)  9714919,"Seeds Technologies Bldg,1st floor,Kfar Ruth 73196","If you are looking for a CRO in Israel which will carry out your study from A to Z down to a T, you are in the right place. Q-Trials is a leading, independent CRO, established in 2007. Q-Trials is: Highly recommended and well known for our Quality Connected to excellent sites with high recruitment rates Completely self-sufficient A one-stop-shop for trial services Certified for our translation services by an international standard Our entire team is trained in-house for maximal performance, no exceptions. We believe in personal uncomplicated client contact and full availability. List of CROs by location Europe",https://ichgcp.net/cro-list/country/israel/company/q_trials
Trialog Clinical Trials Ltd,trialog.co.il,Israel,ichgcp,trialog@trialog.co.il,972-8-6604600,"55 Hama’ayan Street,Modi’in Industrial Zone,PO Box 377,7171301","Trialog Clinical Trials Ltd. was established in 1999 by the Pharm-Up Group, Israel’s leading distributer for the major multinational pharmaceutical companies, to answer the needs of growing clinical trial activities in Israel for a complete range of logistical services. Today Trialog serves as the local depot for most of the major multinational pharmaceutical and CRO companies operating in Israel. Trialog’s expertise in handling all specific local regulatory and logistics issues frees our clients to focus on their core competencies. Trialog’s dedicated warehouse for clinical trial material is located in central Israel, close to the international airport and within easy reach of all major medical centers, enabling Trialog to offer the quickest possible response to all logistic challenges. List of CROs by location Europe North America Asia Africa South America Oceania",https://ichgcp.net/cro-list/country/israel/company/trialog_clinical_trials_ltd
Chiesi,chiesi.com,Italy,ichgcp,,3905212791,"26/A, Via Palermo (Main entrance: 1, Via Giacomo Chiesi)","We are an international company based in Parma, with 80 years of experience and a strong focus on research, development, production and the commercialisation of innovative medicines in the Respiratory, Neonatology, Rare Disease and Special Care Therapeutic Areas. With a turnover of more than €1.571 billion sales we are among the top 50 pharmaceutical companies in the world. Our production sites are in Parma, Italy, Blois (France) and Santana De Parnaiba (Brazil). Its R&D centres in Parma (Italy), Paris (France), Cary (USA), Chippenham (UK) and the R&D team from the newly-acquired Danish company Zymenex, integrate their efforts to advance Chiesi’s pre-clinical, clinical and registration programmes. We export to more than 70 countries with a direct presence in 26. The Chiesi Group employs approximately 4,813 people, 671 of whom are dedicated to R&D activities and 700 of whom work at production sites in Italy, France and Brazil. List of CROs by location Europe North America Asia Africa",https://ichgcp.net/cro-list/country/italy/company/chiesi
Donawa Lifescience Consulting,donawa.com,Italy,ichgcp,contact@donawa.com,+39  06  578  2665,"Piazza Albania, 10, 00153 Rome, Italy","Donawa Lifescience is a leading international clinical research, regulatory and quality consultancy, based in Rome, Italy, providing a seamless, integrated service for medical device companies who are seeking a single source for progressing their products from feasibility to commercialisation. Maria E. Donawa, M.D., began her consultancy in Rome shortly after serving six years with the US FDA’s Center for Devices and Radiological Health (CDRH), offering quality system and regulatory assistance to companies learning to cope with the US Medical Device Amendments, European Medical Devices Directive, and EN 46001, the forerunner of ISO 13485. Clinical research was added to the service portfolio in the late nineties with the company becoming a full service Clinical Research Organisation (CRO) for medical devices, in vitro diagnostics (IVDs), and drug/device combination products, while maintaining the company’s expertise in device quality systems and regulatory affairs. List of CROs by locat",https://ichgcp.net/cro-list/country/italy/company/donawa_lifescience_consulting
Ephoran,ephoran-mis.com,Italy,ichgcp,info@ephoran-mis.com,390125561882,"Via Ribes 5, 10010 Colleretto Giacosa, Torino","EPHORAN is a Multi-Imaging Service Company focused on preclinical research and development. The mission of the Company is to study, develop and pursue the application of imaging technologies in preclinical drug research and development. The company stakeholders will also be its users and clients together with third parties, such as research institutions and academic centers. Expertise of EPHORAN's founders guarantee outstanding knowledge in all imaging modalities and excellence in R&D activities. EPHORAN's aim is to develop strong and qualified scientific collaborations with academia and research institutions in order to develop state-of-the-art molecular and preclinical imaging in cells and laboratory animals. EPHORAN will offer the opportunity to apply a translational pharmacological approach in drug research and development, This consists in evaluating in animal models a molecular-based proof of biological activity and mechanism of action, and translating it into the clinical settin",https://ichgcp.net/cro-list/country/italy/company/ephoran
Evotec,evotec.com,Italy,ichgcp,info@evotec.com,,,"Evotec is a drug discovery alliance and development partnership company focused on rapidly progressing innovative product approaches with leading pharmaceutical and biotechnology companies, academics, patient advocacy groups and venture capitalists. Drug discovery solutions are provided in form of fee-for-service work, integrated drug discovery alliances, development partnerships, licensing of innovative drug candidates and consulting arrangements. The Company operates worldwide and has leading scientific experts, state-of-the-art technologies as well as key therapeutic expertise in the areas of neuroscience, diabetes and complications of diabetes, pain and inflammation, oncology, infectious diseases, respiratory diseases and fibrosis. By leveraging this expertise, Evotec intends to develop best-in-class and first-in-class differentiated therapeutics on its systematic, unbiased and comprehensive infrastructure. List of CROs by location Europe North America Asia Africa South America Oce",https://ichgcp.net/cro-list/country/italy/company/evotec
GB Pharma,gbpharma.it,Italy,ichgcp,info@gbpharma.it,39.0382.530059,"Via Ferreri 11 – 27100 Pavia (Piazza Petrarca, vicolo tra Farmacia e Giardini Malaspina)","The GB Pharma Group is not only a CRO (Clinical Research Organisation) but also a CSO (Contract Safety Organisation) and Regulatory Affairs Services Company. We are customer oriented and focusing to the unmet needs of our present and future customers. Customers goals are also one of our goals. We strive for simplicity, selectivity and continuous performance optimization. High performance, both as individuals and as group. We deliver on ambitious goals, and grow by developing our talents and Personal Leadership. List of CROs by location Europe North America Asia Africa South America",https://ichgcp.net/cro-list/country/italy/company/gb_pharma
Hippocrates Research srl,hippocrates-research.it,Italy,ichgcp,info@hippocrates-research.it,+39 010 545481,Via XX settembre 30/12 16121 Genova – Italy Other Hippocrates Research srl's locations around the world,"Hippocrates Research is a dynamic, full-service CRO and regulatory consulting firm, part of the Hippocrates Group. With offices in Genoa and Lugano, HR combines deep expertise with a strong commitment to excellence, providing tailored, high-quality solutions to support the success of your clinical development programs. According to data provided by AIFA, the Italian Medicines Agency, HR is considered one of the largest privately owned domestic CROs operating in Italy. A management buyout process has recently been initiated to ensure generational transition and drive future growth. Hippocrates Research is registered and authorized by AIFA to conduct regulatory studies in Italy. Moreover, it is qualified by EMA/ENCePP for Non-Interventional Studies (NIS) in Europe, is ISO 9001 and ISO UNI/PdR 125:2022 certified and holds an EcoVadis label. With over 3,606 sites activated and 203 studies conducted across Europe in various therapeutic areas, HR is recognized for its cutting-edge expertise,",https://ichgcp.net/cro-list/country/italy/company/hippocrates_research_srl
Medi Service,mediservice.it,Italy,ichgcp,medi@mediservice.it,390396057074,"Via Matteotti, 43/B - 20864 Agrate Brianza (MB)","Medi Service S.r.l. is a full-service Clinical Research Organisation (CRO) founded in 1991. Its main functions such as Clinical Operations, Finance and Business Development are located in Agrate Brianza (Milan). Medi Service is divided into different operative parts: the Phase I unit the Clinical Research department the Data Management group Medi Service reached competences in many therapeutic areas and has great experience to carry out international and local clinical trials which foresee all phases of clinical development from Phase I to Phase IV and post-marketing, for more than twenty years. Its results are ensured by its skilled personnel and regular staff updated by trainings and courses. List of CROs by location Europe North America Asia",https://ichgcp.net/cro-list/country/italy/company/medi_service
Mediolanum Cardio Resesarch (MCR),mcresearch.org,Italy,ichgcp,info@mcr-med.com,39  02  61  25  141,"Mediolanum Cardio Research S.r.l,via Giosuè Carducci, 19,20123 Milano","MCR staff includes full time employees and external collaborators/consultants working on a part-time basis. MCR staff and collaborators are qualfied by titles, professional training and experience in the field of clinical research. Other external monitors working with a not continuative collaboration. List of CROs by location Europe North America Asia Africa South America Oceania Regulations Resources",https://ichgcp.net/cro-list/country/italy/company/mediolanum_cardio_resesarch_mcr
Pierrel S.p.A.,pierrelgroup.com,Italy,ichgcp,investor.relations@pierrelgroup.com,,,"Pierrel S.p.A. is a full service global provider to the pharmaceutical, bio-pharmaceutical and life science industries, specializing in pharmaceutical manufacturing (Contract Manufacturing Division), and in the development, registration and licensing of new drugs and medical devices (Pharma Division). Pierrel Group - listed on the Italian Stock Exchange (MTA) - has more than 60 years of experience in pharmaceutical industry and is one of the leading European producers of local and dental anesthetics. Corporate Office and our production plant are located in Capua (CE), near Naples.  The production site of the Contract Manufacturing Division is approved by EMA (“European Medicines Agency”), for aseptic production of dental anesthetics since 1989, and FDA (“Food and Drug Administration”) since October 2009, for production of “Sterile Filled Small Volumes Parenteral Drugs”. Our subsidiary Pierrel Pharma S.r.l. registered and distributes the dental anesthetic Orabloc® in Canada, USA, Russia",https://ichgcp.net/cro-list/country/italy/company/pierrel_spa
Asklep,asklep.co.jp,Japan,ichgcp,,81-3-5979-1001,es,"ASKLEP has successfully been delivering services as a Contract Research Organization (CRO) in Japan since 1992. We are committed to solve our clients’ business issues with our highly integrated marketing research concepts brought by INTAGE and IT functionality that provides real-time business solutions. We give top priority to reliability assurance and deliver products that meet specific level of quality when collecting information and preparing documents for all kinds of applications. We strive to improve quality of our service by thorough compliance with SOPs, saving records and trails, and intensive education and training. We’re also committed to develop awareness about the data and the value of our products. List of CROs by location Europe North America Asia Africa South America Oceania Regulations",https://ichgcp.net/cro-list/country/japan/company/asklep
BBK,bbkworldwide.com,Japan,ichgcp,info@bbkworldwide.com,81  (3)  6870  3534,"4F&5F Yaesu Dori Building 3-4-15 Nihonbashi Chuo-ku Tokyo, 103-0027 Other BBK's locations around the world","We recognize that the most effective, motivating, and supportive participant engagement solutions are designed in partnership with health providers and always consider the needs of the patient. Our products and services inspire the whole study community and, most importantly, alleviate site administrative burden, enabling doctors and nurses to spend more time with patients. With a commitment to innovate, we continue to push the industry with the development of game-changing tools and technologies – building solutions from the ground up. Our patient recruitment management system TrialCentralNet® has been a gold standard in the industry for over 23 years, and our mobile app platforms for patients and sites continue to redefine study communications. List of CROs by location Europe North America Asia Africa South America Oceania Regulations",https://ichgcp.net/cro-list/country/japan/company/bbk
Biotoxtech CRO,eng.biotoxtech.com,Japan,ichgcp,,043-210-7777,"53,Yeongudanji-ro, Ochang-eup, Cheongwon-gu, Cheongju-si Chungcheongbuk-do","Biotoxtech Co., Ltd. engages in the safety evaluation of pharmaceuticals, foods, cosmetics, cell therapeutics, chemicals, agrochemicals, and medical equipment in South Korea. It is involved in the PK/TK, ADME, and RI analysis, as well as validation and bio analysis; efficacy evaluation and screening materials; clinical pathology and business contract of histopathology; new drug development; and business consulting and vicegerent of nonclinical trial activities. The company’s safety evaluation research field includes general toxicity studies, carcinogenicity studies, local toxicity studies, reproductive and developmental studies, genotoxicity studies, immunotoxicity studies, safety pharmacolo.. List of CROs by location Europe North America Asia Africa South America Oceania Regulations Resources",https://ichgcp.net/cro-list/country/japan/company/biotoxtech_cro
ChemDiv,chemdiv.com,Japan,ichgcp,kudo.junko@kishida.co.jp,03-5625-5595,"Discovery Service Group, Discovery & Alliance Dept. KISHIDA CHEMICAL CO.,LTD. Other ChemDiv's locations around the world","ChemDiv, a fully Integrated Target-to-Clinic Contract Research Organization (CRO) headquartered in San Diego, CA USA, has been a pioneer in discovery libraries since 1991. Its first diverse heterocyclic compounds collection was compiled from academic lab sources from all over the world, and ChemDiv subsequently successfully launched its own large-scale library synthesis program. ChemDiv is now the recognized global leader in discovery chemistry with the industry’s largest, most diverse, and most pharmacologically-relevant commercial collection of over 1,500,000 individually crafted, lead-like, drug-like small molecules. ChemDiv executes pre-clinical chemistry and biology for drug development and clinical trials for an international portfolio of companies across the entire range of targets with small molecule and biotech drugs. The company operates multiple research and development (R&D) subsidiaries in Russia, Ukraine and China as well as business operations around the world. Our labor",https://ichgcp.net/cro-list/country/japan/company/chemdiv
FALCO Biosystems,falco.co.jp,Japan,ichgcp,,,"Sumitomo Trust & Banking Co., Ltd. 4-5-33, Kitahama, Chuo-ku, Osaka-shi, Osaka","Clinical testing is a vital part of disease diagnosis and treatment decisions, as well as health checkups. Our company mission is to contribute to quality healthcare for all by efficiently supplying medical institutions with accurate test data. Since our company was established in 1962, we have broadened the scope of our business in line with advances in medical and testing technologies. At present, the FALCO Group is involved in genetic testing, clinical research and trials, research and development in clinical biochemistry, medical information technology, food sanitation and environmental health testing, and dispensing pharmacies, as well as our core business of clinical testing. Through its businesses the FALCO Group will continue to support health in body and spirit, for a rewarding future for all. List of CROs by location Europe North America Asia Africa South America Oceania Regulations Resources",https://ichgcp.net/cro-list/country/japan/company/falco_biosystems
InCROM,incrom.com,Japan,ichgcp,japan-info@incrom.com,,es,"One of the 1st clinical research providers in Japan. Vast worldwide business and clinical network. The best achievement in Japan - over 1,900 protocols completed. OPHAC Hospital, OCROM Clinic and ToCROM Clinic 100% operated and managed by InCROM JAPAN. Highly experienced staff with diverse medical/scientific backgrounds. Rapid and reliable recruitment with a large in-house database of about 60,000 registered volunteers. Innovative, ever-changing recruitment methods ( recruitment homepage, radio commercials, audio announcements on trains, newspapers, etc. ) List of CROs by location Europe North America Asia Africa South America Oceania Regulations",https://ichgcp.net/cro-list/country/japan/company/incrom
"KRI, Inc. (Kansai Research Institute)",kri-inc.jp,Japan,ichgcp,,81-75-315-9242,"Kyoto Research Park, 134, Chudoji Minami-machi, Shimogyo-ku, Kyoto 600-8813","In contract research area, KRI provides solutions to technology problems in a wide range of areas including electric materials, nanomaterials, energy conversion technology and environmental conservation technology. KRI is putting forward a variety of combinations involving material technology which includes inorganic materials, polymer materials besides hybrid materials, device technology, in addition to biotechnology which processes microorganisms, property evaluation, and detection technology. KRI is also aggressively promoting novel R&D technology plans building on the KRI's own original technologies. List of CROs by location Europe North America Asia Africa South America Oceania Regulations Resources",https://ichgcp.net/cro-list/country/japan/company/kri_inc_kansai_research_institute
SNBL,snbljapan.com,Japan,ichgcp,info@snbl.co.jp,81  3  5565  5001,"St Luke's Tower 28F, 8-1 Akashi-cho, Chuo-ku, Tokyo,104-0044 Other SNBL's locations around the world","2017 marks the 60th anniversary of the founding of Shin Nippon Biomedical Laboratories. With decades of experience as a contract research organization, our team provides study data about the safety and efficacy of pharmaceuticals, which is essential to pharmaceutical companies in the drug development process. In addition to our abundant experience, we have established a global group with branches in Japan, the United States, China, Cambodia, and other countries, with reliability being the key to our success. We work together across SNBL group to quickly and accurately meet the needs of our clients from all around the world, from basic research to late-stage clinical trials, service in all areas of research and development. Our corporate mission is that ""We are committed to freeing patients from suffering by supporting drug development and improving medical technologies."" This is the cornerstone of everything we do at SNBL Group. List of CROs by location Europe North America Asia Africa",https://ichgcp.net/cro-list/country/japan/company/snbl
Arab Pharmaceutical Industry Consulting Co,pru.com.jo,Jordan,ichgcp,Info@pru.com.jo,+962 6 535 8290,"Arab Pharmaceutical Industry Consulting Co. P.O. Box. 1084 Amman 11910, Jordan. Building No. 19, Yajouz Street.",,https://ichgcp.net/cro-list/country/jordan/company/arab_pharmaceutical_industry_consulting_co
MedStartUp,medstartup.asia,Kazakhstan,ichgcp,info@medstartup.asia,+7 705 170 8825,"200A Promzona Street, Kuat Residential Area, Karasu, Ili District, Almaty Region 040700","MedStartUp is a full-service Contract Research Organization (CRO), Clinical Research Center, and Bioequivalence Center headquartered in Almaty, Kazakhstan. As a subsidiary of ConsultAsia, a well-established regulatory and pharmaceutical consulting company specializing in medicinal product registration, regulatory affairs, market authorization, and market access across Kazakhstan and the Eurasian Economic Union (EAEU), MedStartUp delivers fully integrated solutions that bridge regulatory expertise with clinical research excellence. Our mission is to simplify and accelerate the journey from pharmaceutical development to successful commercialization. By combining scientific knowledge, regulatory intelligence, and operational excellence, we help pharmaceutical, biotechnology, and medical device companies navigate complex regulatory environments, conduct high-quality clinical research, and bring innovative healthcare products to patients efficiently and compliantly. Unlike traditional CROs ",https://ichgcp.net/cro-list/country/kazakhstan/company/medstartup
Accell Clinical Research,accellclinical.com,Latvia,ichgcp,olga.nayanova@accellclinical.com,,Kr. Valdemara Iela 33A-1B Other Accell Clinical Research's locations around the world,"We are a full-service clinical CRO with a relentless mission to complete your clinical trial on time. Backed by our strong operational strategy and leadership, a devoted team of medical professionals in each country and connections to prominent medical institutions, your clinical study will be in good, caring hands. List of CROs by location Europe North America Asia Africa South America Oceania Regulations Resources",https://ichgcp.net/cro-list/country/latvia/company/accell_clinical_research
ClinServ,clinserv.com,Lebanon,ichgcp,bd@clinserv.net,961  5  953741,"204 General Francois Zein Str., Renno bldg., Ground flr. - , Baabda","ClinServ the pioneer CRO in the MEA region and still geographically expanding till nowadays!“Customer satisfaction is what we aspire for”; we strive to meet and exceed our clients’ needs and expectations of Excellent Service and to be the leading solution provider in clinical research in the MEA region. Today our strategy is focused on achieving excellence, providing a reliable and efficient service for our customers whilst demonstrating highest compliance and abidance by the guidance and framework of ISO 26000 for Social Responsibility. List of CROs by location Europe North America Asia Africa South America Oceania Regulations",https://ichgcp.net/cro-list/country/lebanon/company/clinserv
Info Kinetics Sdn Bhd,info-kinetics.com,Malaysia,ichgcp,,604-228  5760,"Info Kinetics Sdn Bhd / Clinical Research Centre, Gleneagles Penang, 5th Floor, 1 Jalan Pangkor, 10050 Penang, Malaysia","Info Kinetics aims to make your Clinical Outsourcing & Contract Research better, greater and faster. Info Kinetics understands what it takes to achieve better outcomes; by a delicate balance of science & business factors. With drug development costs ever increasing, Info Kinetics pushes hard for greater efficiency in all their processes. We are looking at the same goals like you – Faster to Market! List of CROs by location Europe North America Asia Africa South America Oceania Regulations Resources",https://ichgcp.net/cro-list/country/malaysia/company/info_kinetics_sdn_bhd
Althian,althian.com,Mexico,ichgcp,infodesk2@althian.com,1  972  848  0830  52  (81)  477  02  482  52  (81)  1352  1300,"Capitán Lorenzo Aguilar Sur 669. Col. Obispado Monterrey, Nuevo León. 64060","Althian Clinical Research Management Center, located in Monterrey, was founded in 2008 by a group of visionaries with more than ten years of experience working in the medical field. Owing to their profound understanding of the medical marketplace and their fortunate past liaisons with some of the true leaders of medical research, they identified the need and the value for developing a high-level research management center in Monterrey City. Created as a brand of the former company Winsett Rethman S.A. de C.V., Althian was envisioned as an organization that would truly facilitate the efforts of CROs and sponsors to run clinical trials in Mexico on an unparalleled level of efficiency and competence. In 2015, a new healthcare company, Axis Heilsa S. de R.L. de C.V., was created and Althian, keeping the same brand and experienced personnel, came to be part of this new healthcare group. This new strategy has let us reach out to even more patients so that we can offer them new opportunities ",https://ichgcp.net/cro-list/country/mexico/company/althian
AXIS Clinicals,axisclinicals.com,Mexico,ichgcp,abhijit.chaudhari@axisclinicals.com,,"Abhijit Chaudhari,AXIS Clinicals Limited ,1-121/1, Survey No.66 (Part) & 67(Part), Miyapur, Serilingampally Other AXIS Clinicals's locations around the world","AXIS is an efficient, metric based clinical research provider with a global footprint of operations. Our mandate recognizes the need within the medical research community for quality clinical services backed by experience, ICH/GCP training, protocol adherence, and leadership at significant cost advantages. Representing a vertically integrated CRO, we provide a collaborative and personalized approach to meet sponsor study requirements. Offering trial management and monitoring, quality assurance, regulatory submissions, data management and biostatistics, makes us the assembly of a functional team ideally suited for clinical study. Our clients have ranged from big pharma majors to the emerging biotechnology sector. Our customized billing models help us add new clients along with the retention of our recurring clientele. With over 2,500 studies for various regulated markets, a huge data bank of validated bio-analytical methods for over 350 molecules and the facilities being inspected and a",https://ichgcp.net/cro-list/country/mexico/company/axis_clinicals
Cohortias,cohortias.com,Mexico,ichgcp,info@cohortias.com,+52 81 2719 3064,"565 C. Del Comercio, San Pedro Garza García, México","Our commitment is to offer an alternative to the highly complicated, expensive and sometimes chaotic process that Biotech, Pharmaceutical and Medical Device companies have to endure in the United States. By providing the industry with our infrastructure in Latin America, we offer an easier path to launch clinical trials and studies following FDA standards. We define ourselves as a unique team, capable of blending our academic background with a global business mindset to bring the highest standard of quality and operational excellence into clinical research in Latin America. With headquarters in Monterrey, Mexico, Cohortias has built an extensive and highly reputable network of sites which can access patients in a timely manner and can operate within a standard-of-care comparable to the U.S. healthcare system. List of CROs by location Europe North America Asia Africa South America Oceania Regulations Resources",https://ichgcp.net/cro-list/country/mexico/company/cohortias
Fractals Clinical Research,fractalscro.com.mx,Mexico,ichgcp,mcchavez@fractalscro.com.mx,(52)  045  442  2744794,,"Fractals Clinical Research is a company employing devoted and dedicated professionals. Fractals Clinical Research is directed to provide the highest level of knowledge and expertise to the pharmaceutical industry. Founded in 1997, Fractals Clinical Research today continues to deliver a positive outsourcing experience through its founding principles. We have now formed an alliance with LARA (Latin American Research Association) List of CROs by location Europe North America Asia Africa South America Oceania Regulations Resources",https://ichgcp.net/cro-list/country/mexico/company/fractals_clinical_research
"""Gaya Pharma"" by Morocco Africa Health & Pharma (MAHP)",mahp-cro.com,Morocco,ichgcp,contact@gaya-holding.com,+212 669-556347,"Villa 23 rue benimalek, RDC,  Aviation, Rabat, Morocco","Gaya Pharma, by Morocco Africa Health & Pharma is a contract research organization that has been operating in Morocco and Africa for over 10 years. We specialize in providing services to pharmaceutical companies, healthcare organizations, and governments, with the goal of advancing healthcare in Africa. Our mission is to improve the health and well-being of people in Africa by providing high-quality research services to the pharmaceutical and healthcare industries. We strive to achieve this by working closely with our clients to understand their needs and tailor our services to meet those needs. Our vision is to be the leading contract research organization in Africa, known for our expertise, professionalism, and commitment to advancing healthcare. We aim to achieve this by continuously investing in our people, technology, and infrastructure, as well as by building strong partnerships with our clients. We understand the unique challenges that come with conducting research in Africa, an",https://ichgcp.net/cro-list/country/morocco/company/gaya_pharma_by_morocco_africa_health_pharma_mahp
Global Clinical Research,gcrcro.com,Nepal,ichgcp,info@gcrcro.com,+977 976-8542235,"Subidhanagar Tinkune, Kathmandu, Nepal","Global Clinical Research (GCR) is a full-service Contract Research Organization based in Kathmandu, Nepal, established in December 2019 and certified to ISO 9001:2015. We support pharmaceutical, biotechnology, and medical device sponsors across the full clinical trial lifecycle, including study design, regulatory approval, patient recruitment, clinical monitoring, data management, medical writing, pharmacovigilance, and investigational product management. GCR also manages clinical logistics, cold chain logistics, clinical trial material delivery, and archival services directly in-house, giving sponsors tighter quality control and faster turnaround. With strong local relationships across hospitals, investigators, and regulatory bodies in Nepal, GCR offers global sponsors a reliable and cost-effective entry point into South Asian clinical research. List of CROs by location Europe North America Asia Africa South America Oceania Regulations",https://ichgcp.net/cro-list/country/nepal/company/global_clinical_research
Axon Medchem,axonmedchem.com,Netherlands,ichgcp,"info@axonmedchem.com
order@axonmedchem.com",31  50  3118007,es,"Axon Medchem is a leading European service platform for medicinal chemistry, spinned-off from Axon Biochemicals BV. Together with Axon Biochemicals BV, it conducts business operations as a contract research organization (CRO) in medicinal chemistry. Subsequent to the spin-off in 2006, Axon Medchem has developed as a prime source of high-value life science products, providing Axon Ligands™ for pharmaceutical research as world-wide recognized drug standards. Therefore, we aim to keep up with relevant scientific publications in order to serve potential customers with the latest advances in the field of the development of novel therapeutics for known diseases and pathologies like psychiatric disorders, oncology, Alzheimer's and Parkinson's disease, diabetes, inflammatory diseases, and many others. While the majority of the products we offer are synthesized in-house by well educated and skilled medicinal chemists, some are being supplied by research partners. Nevertheless, all Axon Ligands™",https://ichgcp.net/cro-list/country/netherlands/company/axon_medchem
Biocult BV (The Netherlands),biocult.com,Netherlands,ichgcp,,31  71  521  5443,"Pasteurweg 41, 2371 GW Roelofarendsveen","Biocult is an internationally operating company with 20 years experience in upscaling of monoclonal antibodies. Since Biocult was established in 1992, we have processed over 200 different cell lines including hybridoma’s, transfectoma’s. BHK, CHO and PerC6 cells. Biocult is a flexible company which always respond quickly to your needs and the production of our products is guaranteed by our NEN-EN-ISO 9001:2008 quality system. List of CROs by location Europe North America Asia Africa South America Oceania Regulations Resources",https://ichgcp.net/cro-list/country/netherlands/company/biocult_bv_the_netherlands
Data by Four B.V.,databyfour.com,Netherlands,ichgcp,info@databyfour.com,+31 85 301 9134,"Biezenstraat 81, 6541 ZP Nijmegen, The Netherlands","Data by Four is a flexible Dutch CRO, ready to process clinical study data with a personal approach. Our highly specialized team supports in: • Preparing of full SDTM & ADaM CDISC packages, including reviewers’ guides and define.xml • Creation of integrable and bookmarked tables, listings, and figures (TLFs) documents • Statistical support • Data analysis Fields where we excel include: • Complex data handling and challenging populations, including rare disease • Assisting start-up and spin-off companies in regulatory data requirements • Bridging the gap between the academic and the pharma world List of CROs by location Europe North America Asia Africa South America Oceania Regulations",https://ichgcp.net/cro-list/country/netherlands/company/data_by_four_bv
Delphinium,delphiniumcro.com,Netherlands,ichgcp,,+31 6 55738593,"Hanzeplein 1, Entrance 53, BTC Building,  9713 GZ Groningen NL","DELPHINIUM expert in Phase I Clinical Studies. The DELPHINIUM team has deep expertise in conducting early-phase clinical trials, offering the complete range of Phase I studies. We understand that early phase development requires a highly coordinated effort to adhere to timelines, deliver excellent quality data and anticipate to possible challenges. We deliver studies that form the foundation for your later-stage clinical success. We offer personalized support to each client, adapting our approach to meet the unique goals and requirements of your research, whether you are new to clinical trials or have extensive experience. Depending on your needs we offer full CRO services or focus on the clinical execution of our studies, combined with a tailer-made package of services. We design and execute a variety of Phase I study types in healthy volunteers, including: First-in-Human (FIH) Studies: We carefully guide our clients through their first-in- human studies, using comprehensive safety an",https://ichgcp.net/cro-list/country/netherlands/company/delphinium
GenScript,genscript.com,Netherlands,ichgcp,order@genscript.com,31(0)71-569-0120,"BioPartner Building 4, Robert Boyweleg 4, 2333 CG, Leiden. Netherlands Other GenScript's locations around the world","GenScript Biotech Corporation (Stock Code: 1548.HK) is a global biotechnology group. GenScript’s businesses encompass four major categories based on its leading gene synthesis technology, including operation as a Life Science CRO, enzyme and synthetic biology products, biologics development and manufacturing, as well as cell therapy. Founded in 2002 and listed on the Hong Kong Stock Exchange in 2015, GenScript has an established global presence across Greater China, North America, the EU, and Asia Pacific. Today, over 300,000 customers from over 160 countries and regions around the world have used GenScript’s premier, convenient, and reliable products and services.GenScript currently has more than 3000 employees globally, 33% of whom hold master’s and/or Ph.D. degrees. In addition, GenScript has a number of leading commercial technologies developed in the fields of synthetic biology, immunotherapy, antibody design, chemical synthesis and bioinformatics, including more than 70 patents a",https://ichgcp.net/cro-list/country/netherlands/company/genscript
Kinesis Pharma BV,vennlifesciences.com,Netherlands,ichgcp,,+31  (0)  524  712  456,es,"Kinesis Pharma is a leading partner in early phase drug development which seamlessly integrates CMC, non-clinical development, clinical development, regulatory, quality and project management. Our experts in Drug Development have an extensive background in Pharma industry and/or Regulatory Authorities and would appreciate to bring value to your company and accelerate development and/or build a value story to introduce to /attract potential investors. List of CROs by location Europe North America Asia Africa South America Oceania Regulations Resources",https://ichgcp.net/cro-list/country/netherlands/company/kinesis_pharma_bv
SMS Oncology,sms-oncology.com,Netherlands,ichgcp,info@sms-oncology.com,31  (0)20  -  4350  580,"Walaardt Sacréstraat 401-403,1117 BM Schiphol","At SMS-oncology we believe that true passion and devotion are key to be able to excel in what you do. Being committed and dedicated to oncology, we support our clients with our knowledgeable experts and devoted clinical project teams in a joint effort to reaching the goals and milestones. We take pride in contributing to the successful oncology drug development of our sponsors. SMS-oncology is a full-service Contract Research Organization (CRO) dedicated to the conduct of clinical oncology studies, with particular expertise in early phase and immuno-oncology studies. We provide the complete range of clinical trial services, from start-up to completion, from Phase I to IV. In addition, we provide strategic oncology drug development consulting and expert advice as we understand the challenges of developing anti-cancer drugs in the complex, highly competitive and rapidly developing oncology market. Our unique competence and value proposition of integrating consultancy and clinical operati",https://ichgcp.net/cro-list/country/netherlands/company/sms_oncology
EpiVets Australia Pty Ltd,epivets.co.nz,New Zealand,ichgcp,info@epivets.co.nz,+64 274 902 433,"565 Mahoe Street, Te Awamutu 3800, New Zealand Other EpiVets Australia Pty Ltd's locations around the world","EpiVets is a GLP/GCP-compliant Contract Research Organisation (CRO) specialising in veterinary product trials across New Zealand and Australia. We combine epidemiology-led study design, independent Animal Ethics Committees in both countries, and deep regulatory expertise to deliver farm-scale or companion animal, scientifically robust trials that produce registration-ready data trusted globally. Our Core Capabilities Trial Design & Protocol Development: Epidemiology-driven designs ensuring statistical power and defensible results. Trial Operations (GLP/GCP): Multi-site trials on farms, clinics, and facilities under GLP Mark of Competence (IANZ & NATA). Independent Ethics Approvals — In-house Animal Ethics Committees in New Zealand & Australia for faster, compliant approvals. Data Management & Analytics: Clean, auditable datasets and advanced analytics for registration-ready outputs. Regulatory Submission Support: Expertise across ACVM, and APVMA frameworks for smooth dual-market approv",https://ichgcp.net/cro-list/country/new_zealand/company/epivets_australia_pty_ltd
P3 Research,p3research.co.nz,New Zealand,ichgcp,trials@p3research.co.nz,04  801  0002  0800  737  883,es,"Founded in 1998, P3 Research Ltd is an independent clinical research company based in New Zealand. Our mission is to provide accurate, fast and independent clinical research data within a safe and high quality environment. We perform clinical trials for international pharmaceutical companies and contract research organisations. We also undertake some clinical research for individual researchers. P3 Research operates three clinical research sites which are capable of undertaking a range of studies, from small scale early Phase 2 trials to participation in international Phase 3 studies, and post-marketing investigations. We have also performed research looking at issues such as patient compliance and development of delivery devices. P3 Research does not conduct any experiments on animals. List of CROs by location Europe North America Asia Africa",https://ichgcp.net/cro-list/country/new_zealand/company/p3_research
Cyntax Health Projects Pvt Ltd,cyntaxhealthprojects.com,Pakistan,ichgcp,info@cyntaxhealthprojects.com,+92 315 5205563,"Office no 09, Floor 1, Zamzama Center, Pakistan Town Phase 2, Islamabad, Pakistan","Cyntax Health Projects is the 1st female pharmacist led contract research organization registered by Drug Regulatory Authority of Pakistan. Our service portfolio includes Clinical Trial Project management, Phase 1 to 4 Clinical Trials, Drug Regulatory Affairs, Medical Writing, Clinical Data Management, Pharmacovigilance and Clinical Operations. We also specialize in developing scoping reviews, meta analysis, systematic reviews and clinical trials. We provide services to help pharmaceutical, medical device, biopharmaceutical and nutraceutical/ herbal companies to transform scientific discoveries into new treatments. We are a team of experts with experience in ICH GCP compliance to provide clinical data management services. We are open to clients from all over the world and have strategic partners in UK and USA. List of CROs by location Europe North America Asia Africa South America Oceania",https://ichgcp.net/cro-list/country/pakistan/company/cyntax_health_projects_pvt_ltd
Dimension Research,drcro.com,Pakistan,ichgcp,info@drcro.com,92-21-34176686-87,"B-213, Block 2, Gulistan-e- Jauhar, Scheme-36, Karachi","Dimension Research (DR) is founded by foreign trained clinical research professionals who laid the foundation stone of  the CRO & SMO business in Pakistan and have developed international collaboration with multinational CROs first time in the history of this country. Dimension Research vision is to develop the ethical clinical research industry in this part of world; through multinational collaborations and national companies’ participation Our head office is in Karachi, Pakistan and representative office in Maryland , USA. List of CROs by location Europe North America Asia Africa South America Oceania Regulations Resources",https://ichgcp.net/cro-list/country/pakistan/company/dimension_research
Dow Institute of Biological Biochemical & Pharmaceutical Sciences (IBBPS),duhs.edu.pk,Pakistan,ichgcp,ibbps@duhs.edu.pk,(+9221) 99261445 Ext (2607),"Dow University of Health Sciences, Ojha Campus  Karachi-75330, Pakistan.","Dow Institute of Biological Biochemical & Pharmaceutical Sciences (IBBPS) is a Drug Regulatory Authority of Pakistan (DRAP) Licensed Contract Research Organization (CRO) of Pakistan,   which is situated in a well-renowned and world-class healthcare organization “Dow University of Health Sciences” which is one of the biggest in health care sectors. Dow University of Health Sciences (DUHS) is a premier medical institute named after its founder “Sir Hugh Dow” who laid the foundation in 1945, awards undergraduate degrees, postgraduate degrees, short diploma courses in 12-15 diverse disciplines on medical, health, and allied health sciences including interdisciplinary specialties of biotechnology, pharmacy, and health management sciences. IBBPS strives to bring innovation in the Biological, Clinical, and Pharmaceutical sectors by providing valuable studies as per optimum standards for the improvement in quality of life.  IBBPS is the only CRO of Pakistan having the following facilities Regu",https://ichgcp.net/cro-list/country/pakistan/company/dow_institute_of_biological_biochemical_pharmaceutical_sciences_ibbps
DRK Pharma Solutions,drkpharmasolutions.com,Pakistan,ichgcp,info@drkpharmasolutions.com,49  (0)  69  1532016-73,"1st Floor, Building No. 1, The Enterprise, 15 km Multan Road, Lahore 53800, Pakistan Other DRK Pharma Solutions's locations around the world","DRK Pharma Solutions provides Clinical Research Services from Phase II-IV through its highly experienced Clinical Operations’ team in Pakistan. Also, we are the First Licensed Clinical Research Organization in Pakistan according to the Bio Study Rules 2017. The areas of Product Development, Clinical Research, Bioavailability/Bioequivalence Studies and GxP & Regulatory Advisory through its highly experienced professionals, world-class infrastructure and focus on timely delivery. List of CROs by location Europe North America Asia Africa South America Oceania Regulations Resources",https://ichgcp.net/cro-list/country/pakistan/company/drk_pharma_solutions
Metrics Research,mrcro.com,Pakistan,ichgcp,info@mrcro.com,+92 21 37224982,"Plot No. B-10, Block-16, W.C.H.S, K.D.A Scheme No. 24, Gulshan-i-Iqbal, Karachi, Pakistan","Metrics Research (Pvt.) Ltd. stands as Pakistan’s pioneering Contract Research Organization (CRO), leading the clinical research landscape since 2005. With more than 120 clinical studies conducted across Pakistan and international regions, we have become a trusted partner for global and national pharmaceutical, biotechnology, and therapeutic companies seeking reliability, quality, and scientific excellence ion diverse range of therapeutic areas. As an ISO 9001:2015–certified and DRAP-registered CRO in Pakistan, Metrics Research integrates excellence with operational precision and a deep understanding of the national clinical research landscape. Our service portfolio spans the full spectrum of research support, including End-to-End Clinical Trials Conduct, Medical Communications, Digital Research Solutions, Clinical Trial Safety Management and Regulatory Services ensuring seamless execution from study planning and feasibility to site management, monitoring, documentation, and regulatory",https://ichgcp.net/cro-list/country/pakistan/company/metrics_research
VaxTRIALS,vaxtrials.com,Panama,ichgcp,info@vaxtrials.com,+5073945962,"Ciudad del Saber, Calle Jacinto Palacios, Edificio 230, Piso 3, Panama, City","VaxTRIALS is a boutique clinical research organization (CRO) that provides innovative solutions in managing and monitoring vaccine clinical trial activities across Latin America. We use the highest quality standards to achieve and exceed our clients’ expectations. VaxTRIALS is a regional leader with an active presence in more than 10 Latin-American countries, and a deep local regulatory knowledge. It is this, along with our vast network of experienced investigational sites, which allows us to ensure a fast enrollment and a high level of adherence with great quality standards. Since its establishment in 2012, VaxTRIALS has been involved in more than 35 vaccine-related clinical, epidemiological and health economics trials throughout the Latin-American region, helping clients, sponsors, and vendors achieve extraordinary results through implementing their studies. Since then, we have had the opportunity to take part in different clinical trials for the prevention of diseases like Dengue, H",https://ichgcp.net/cro-list/country/panama/company/vaxtrials
BioCentrum,biocentrum.com.pl,Poland,ichgcp,sales@biocentum.com.pl,48  12  297  47  20,BioCentrum Sp. z o.o.ul. Bobrzyńskiego 1430-348 Krakow,"BioCentrum is a privately-owned biotechnology service and product provider. BioCentrum has been established in 2004 and its mission is to create a platform for its clients and partners in order to help them translate innovative discoveries into preclinical candidates with improved chances to reach the market, in the shortest amount of time possible. BioCentrum offers a wide range of preclinical development services including ADME testing and various behavioural studies, covering all the prerequisites needed for initiation of a first administration to humans.Image BioCentrum also offers services in the field of protein chemistry, and possesses a unique expertise and experience in production of highly purified, active enzymes, inhibitors and other biologically active recombinant proteins. Moreover the company performs contract research as well as produces mouse monoclonal antibodies on a laboratory scale. Due to our numerous associations with scientific institutions, we also offer consul",https://ichgcp.net/cro-list/country/poland/company/biocentrum
BiTrial Clinical Research,bitrial.hu,Poland,ichgcp,info@bitrial.hu,+36 1 800 8036,"Tállya u. 23, 1121, Budapest, Hungary Other BiTrial Clinical Research's locations around the world Europe Expand Asia Expand","BiTrial is a full-service contract research organization in Central and Eastern Europe with a headquarter in Budapest, Hungary, that provides broad range of clinical research services for companies in Pharma, Biotech and MedTech industry and for global CRO’s to support phase I-IV drug and device development, including project management, clinical monitoring, scientific and medical support, investigator and patient recruitment, site management, statistical analysis, data management, drug safety, quality assurance, regulatory and ethics committee affairs and medical writing. List of CROs by location Europe North America Asia Africa South America Oceania Regulations Resources",https://ichgcp.net/cro-list/country/poland/company/bitrial_clinical_research
Carpathian Research Group,crg.global,Poland,ichgcp,info@crg.global,+48532617723,,"Carpathian Research Group supports a broad range of R&D and translation activities for biopharmaceutical and medical device industry. We have offices in Ukraine, the United Kingdom, and Poland. Our mission is to help our customers make most advantage of their operations in most attractive geographical area for clinical research (Eastern Europe having high patient recruitment potential). We use optimized local infrastructure and have low administrative expenditures yet providing high quality services. We have a flexible customer-oriented approach and will be your solution in clinical trials. We also have our own in-house translation department for your project needs. List of CROs by location Europe North America Asia Africa South America Oceania",https://ichgcp.net/cro-list/country/poland/company/carpathian_research_group
IRIS CRO,iriscro.com,Poland,ichgcp,info@iriscro.com,+995 574 42 70 70,"Napetvrebi, Mtskheta, 3300, Georgia country Other IRIS CRO's locations around the world","IRIS CRO is privately owned Georgian company representing more that 10 years  experience in clinical trials for local and international pharmaceutical, biotechnology, medical devices and CRO companies. IRIS CRO mission is enhancing people’s health worldwide. We uphold this mission daily, in any circumstances, and across countries by harnessing our expertise as a CRO. Whether you need skilled professionals, IRIS CRO is your trusted partner. With a focus on excellence and over 10 years combined industry experience, we tailor customized solutions  to meet your reserach needs and unlock new potentials.  Visit iriscro.com to explore our services to clincial trials. Contact us at rita.iesalniece@iriscro.com or +995 57442 70 70 to discuss how we can support  your clinical reserach endeavors. We believe that trials should be conducted under conditions that ensure the safety, integrity, and reliability of the collected data. We offer experienced staff including Sr CRAs, SSU & Regulatory Special",https://ichgcp.net/cro-list/country/poland/company/iris_cro
Monipol,monipol.com,Poland,ichgcp,,+48  12  630  18  50,monipol Sp. z o.o. ul. Długa 31/3  PL - 31 - 147 Kraków Other Monipol's locations around the world,"Pharmaceutical research plays a significant role in our contemporary world and contributes positively to the advancement of global science and healthcare. At monipol, we strive to contribute to this development by providing our clients with a complete and superior service in conducting international clinical trials. List of CROs by location Europe North America Asia Africa South America Oceania Regulations Resources",https://ichgcp.net/cro-list/country/poland/company/monipol
MTZ Clinical Research,mtz-clinical.pl,Poland,ichgcp,,+48  22  572  59  59,"ul. Pawińskiego 5 02-106 Warsaw, Poland VAT Nº PL 526 26 35 334 Business Register Nº 015209197 National Court Register Nº 0000129520 Initial Capital: 208 500 PLN","MTZ Clinical Research Unit focuses on phase I, early clinical  development, bioequivalence and phase III studies. List of CROs by location Europe North America Asia Africa South America Oceania Regulations Resources",https://ichgcp.net/cro-list/country/poland/company/mtz_clinical_research
Noblewell,noblewell.com,Poland,ichgcp,welcome@noblewell.com,+48  22  376  0000,"Noblewell Clinical ResearchWisniowy Business Park Iłżecka 26, 02-135 Warsaw","Noblewell is a medium size CRO company. We primarily operate in CEE (Central and Eastern European) region of the European Union, thus enabling our clients to access millions of potential subjects. List of CROs by location Europe North America Asia Africa South America Oceania Regulations Resources",https://ichgcp.net/cro-list/country/poland/company/noblewell
Alpha Bioresearch,alphabioresearch.com,Portugal,ichgcp,info@alphabioresearch.com,(+34) 917 452 520,Torres Amoreiras Av. Eng Duarte  Pacheco Torre 2. Floor 10. Room 10  1070-102 Lisbon. Portugal Other Alpha Bioresearch's locations around the world,"Alpha Bioresearch is a Full Service CRO with more than 25 years leading projects in Europe and specialized in Spain & Portugal markets. We combine the agility and flexibility of a local CRO, with the coverage of a global CRO and our work is mainly focused on SPEED and COST CONTROL . We have experience in all kind of designs, mostly Clinical Trials Phase II-IV, Non-Interventional Studies and Real World Evidence Projects. Therefore, if you bet on opening sites in Spain and Portugal, Alpha Bioresearch is your best option! Please, contact us for more information! List of CROs by location Europe",https://ichgcp.net/cro-list/country/portugal/company/alpha_bioresearch_your_cro_in_spain_portugal
Blueclinical,blueclinical.com,Portugal,ichgcp,info@blueclinical.pt,351  22  0995159,"Av. Villagarcia de Arosa, 1919 - 1º, Senhora da Hora, 4460-439 Matosinhos, Portugal","Blueclinical is a privately owned independent full-service CRO focused on bioequivalence and early-stage clinical studies in healthy subjects and patients, translational medicine consultancy, and site management. We provide highly-customized and fully-compliant services, to maximize client’s competitiveness and time-to-market. This includes liaison with regulatory authorities (including US FDA and EMA), when needed to ensure the protocol meets the required criteria. Blueclinical’s own Clinical Pharmacology Unit (CPU) is in Porto, Portugal. Our 61-bed clinical ward benefits from its hospital location for access to logistic services and emergency support. List of CROs by location Europe North America Asia Africa South America Oceania",https://ichgcp.net/cro-list/country/portugal/company/blueclinical
VectorB2B,vectorb2b.com,Portugal,ichgcp,info@vectorb2b.com,+351 21 097 6863,"Avenida da Liberdade, 258, 6º andar 1254-149, Lisboa, Portugal","VectorB2B is a full-service CRO with privileged access to a broad network of clinical sites in Portugal and recognized KOLs across different therapeutic areas. The collaborative network of academic and industrial partners within the Portuguese Health sector framework ensures VectorB2B the flexibility and competitiveness of a small organization along with the experience of a global CRO. As a full-service CRO, our solutions include all the activities from study design, setting up and monitoring of clinical trials and research studies, up to data management and biostatistics, pharmacovigilance and risk management . These services cover the entire development life cycle of introducing new therapeutics and medical devices into the market. Our scientific expertise and experience across different designs span from Clinical Trials Phases I-IV to non-Interventional Studies, Real-World Evidence Projects, and investigational studies for medical devices. We also provide medical writing, regulatory",https://ichgcp.net/cro-list/country/portugal/company/vectorb2b
CEBIS International,cebisinternational.com,Romania,ichgcp,,+41 91 260 15 75,"Helios Business Center (HBC) , 47 Bd. Theodor Pallady, Bucharest Other CEBIS International's locations around the world","COMMITMENT FOR A BETTER LIFE OF PATIENTS CEBIS International is a Global Swiss-Based Full Service Contract Research Organization (CRO) which provides clinical stage, regulatory and market entry support to biotech, pharmaceutical, medical devices and nutraceutical companies in already 29 countries. CEBIS headquarters is located in Lugano, Switzerland. CEBIS is offering attractive shared-risk and milestone-based models and aim at long-term partnerships. CEBIS has two major Business Units — Clinical & Regulatory Services (CRS) Unit and Patient Support Programs (PSP) Unit. The CRS unit cover medical writing, regulatory affairs, monitoring, data management, biostatistics, and publishing, working closely with pharmaceutical, biotechnology, and medical devices companies. On the other hand, the PSP Unit is focused on medication adherence and technology-based interventions. List of CROs by location Europe North America Asia Africa South America Oceania",https://ichgcp.net/cro-list/country/romania/company/cebis_international
Monitoring Force,monitoring-force.eu,Romania,ichgcp,office@monitoring-force.org,40213179214,"Blvd Nicolae Titulescu, Nr.1, bl. A7, sc. 1, apt. 24 sect. 1 011131, Bucharest, Romania","Monitoring Force is one of the leading contract research organizations for pharmaceutical and medical products registration in Eastern Europe and South/East China . With headquarters in Bucharest, we operate in Romania, Bulgaria, Hungary, France, Germany, Moldavia, Italy, Spain and China. List of CROs by location Europe North America Asia Africa South America Oceania Regulations Resources",https://ichgcp.net/cro-list/country/romania/company/monitoring_force
Rotrial Contract Research,rotrial.com,Romania,ichgcp,,+4 021 3511841,"2 Alee Negru Voda, Suite 13, Bucharest 3, 030775","Rotrial Contract Research is a privately owned regional Contract Research Organization (CRO) founded in Romania in 2005. Nowadays we operate in Southeast Europe, namely in Romania and Bulgaria. Together with our partners Rotrial Contract Research combines the advantages of a regional CRO – deep local knowledge, customized service, cost effectiveness and flexibility – with the expertise and support that comes from a history of managing global clinical trials to the highest quality standards throughout the world. Rotrial Contract Research has reached a significant experience in conducting multi-center Phase I, II, III and IV clinical trials across different therapeutic areas for global pharmaceutical, biotechnology and medical device companies. We offer the reliability of a big multinational company with the personalized service, resilience and quality commitment of a more nimble provider. As an extension of your team we communicate where you stand with your milestones, keep you right on",https://ichgcp.net/cro-list/country/romania/company/rotrial_contract_research
SMP,smp.ro,Romania,ichgcp,info@smp.ro,40  368  42  71  21,"Calugareni street no.17, 500182, Brasov Other SMP's locations around the world","SMP is a small sized CRO with its main office in Brasov, Romania. Our main activity is to conduct clinical research in bioequivalence studies and clinical trials of phase II-IV in Romanian sites. Through our offices the SMP personnel provides full monitoring and study coordination facilities in Romania. The SMP goal is to be The Romanian Partner of major pharmaceutical companies, medical device producers and CROs offering top quality services. Our CRAs are well qualified MDs in disciplines that are necessary to obtain high quality data from any clinical trial. We are trained to ensure that the trials are delivered according to the highest ICH/GCP standards. Dr. Dionisie Czika, senior Clinical Research Associate and Head of Clinical Research, has an experience of more the 6 years in conducting GCP clinical trials. We closely trained other junior CRAs in all the fields necessary to cover all the investigator areas. In order to conduct clinical trials we are in close collaboration with al",https://ichgcp.net/cro-list/country/romania/company/smp
C&R Research Inc.,cnrhg.asia,Singapore,ichgcp,BD@cnrres.com,,"38 Maxwell Road #02-01 Air View Building, Singapore 069116 Other C&R Research Inc.'s locations around the world List of CROs by location Europe North America Asia Africa South America Oceania Regulations",,https://ichgcp.net/cro-list/country/singapore/company/cr_research_inc
SynCare,syncare.sg,Singapore,ichgcp,enquiry@smg.sg,6567353000,,"SynCare is the dedicated corporate healthcare and partnership arm of Singapore Medical Group (SMG)’s primary healthcare network. We provide integrated primary and specialist healthcare services through SMG’s medical network coverage island-wide. SynCare has access to 16 clinics located in Raffles Place, Pickering Street, Paragon, Mount Elizabeth Novena Specialist Centre, Gleneagles Medical Centre, Parkway East Medical Centre and Farrer Park Hospital, covering more than 22 medical specialities. Our Syncare card opens you a wide array of services, both medical and non-medical related. You will receive your personalized card at within 2 weeks after you register and it comes completely free-of-charge List of CROs by location Europe North America Asia Africa South America Oceania Regulations",https://ichgcp.net/cro-list/country/singapore/company/syncare
ACIES BIO,aciesbio.com,Slovenia,ichgcp,info@aciesbio.com,386  59  075  995,"Tehnoloski Park 21, 1000 Liubliana, Slovenia","ACIES BIO is a biotechnology contract research organization offering state-of-the-art R&D services to pharmaceutical, chemical, biotech and food industries. We provide full support from idea conceptualization through research to product development. Combining biotechnology and synthetic organic chemistry expertise, we offer a comprehensive service, covering all key development steps for efficient production of biosynthetic natural products or their semi-synthetic derivatives, as well as entirely synthetic compounds. List of CROs by location Europe North America Asia Africa South America Oceania Regulations Resources",https://ichgcp.net/cro-list/country/slovenia/company/acies_bio
Biotechnical Faculty of the University of Ljubljana,uni-lj.si,Slovenia,ichgcp,,386  1  4231  161,"Jamnikarjeva ul. 101, 1000 Ljubljana","The fundamental mission of the Biotechnical Faculty of the University of Ljubljana is to perform university, higher education, professional and postgraduate education, scientific-research and expert and consulting work in the field of science about living nature (biology, microbiology) as well as agriculture, forestry and fishery (forestry, animal science, agronomy) and the related production technologies (wood science, food science, biotechnology). The common basis of all study and scientific disciplines at the Biotechnical Faculty is natural resources (soil, space, flora, fauna, water). Owing to its focus on studying natural resources and their sustainable management, the Faculty is one of the national institutions that every nation wanting to shape and preserve its identity should have. Research and education in science about life and nature places great responsibility on the Biotechnical Faculty, namely to create expert and scientific foundations as well as strengthen the social cl",https://ichgcp.net/cro-list/country/slovenia/company/biotechnical_faculty_of_the_university_of_ljubljana
Educell,educell.si,Slovenia,ichgcp,educell@educell.si,386  59  077  860,"Prevale 9, 1236 Trzin, Slovenia, SI63291223","Educell is an advanced biotech company founded in 1997, who earns more than 95 % of its income on the market. The company is devoted to bring effective cell treatments to patients by providing effective and cost-beneficial products. Educell, through its strong clinical connections, has developed an array of medical devices and cell products, which proved effective in cinical use. List of CROs by location Europe North America Asia Africa South America Oceania Regulations Resources",https://ichgcp.net/cro-list/country/slovenia/company/educell
Genialis,genialis.com,Slovenia,ichgcp,info@genialis.com,386  59  054  580,"2520 Robinhood St. Suite 603, Houston, TX 77005 Other Genialis's locations around the world","Genialis is a data science and drug discovery company focused on new ways to treat disease. Blending computational biology and AI-based methods, Genialis merges and models data at the intersection of clinical and translational medicine. Genialis is trusted by biopharma and big pharma alike, to validate targets, predict biomarkers and optimally position novel drugs. Together, Genialis and its partners are bringing improved solutions to drug discovery to change people's lives. List of CROs by location Europe North America Asia Africa South America Oceania Regulations Resources",https://ichgcp.net/cro-list/country/slovenia/company/genialis
ACRO,acro.co.za,South Africa,ichgcp,enquiries@acro.co.za,+27 (0)11 470 2800,"Phase 3, Second Floor Offices, Centurion Science Park, 1011 Pretorius Avenue, Lyttelton Manor, Centurion, 0157","ACRO is a private company, launched in August 2007 offering services both in Southern Africa and in other African regions. We offer services to donor-funded organisations, non-governmental organisations, government institutions, research institutions, Academic institutions, pharmaceutical companies, medical device companies, and work both within and outside the biotechnology sector. We provide a full-service offering for Phase I – IV trials. We are active across a broad range of clinical areas including metabolic, respiratory, vaccines, oncology, endocrine, renal, ophthalmology, CNS, infectious diseases, medical devices, wound care and rare diseases. An important aim of our organisation is to help improve the care of those affected by HIV/AIDS, tuberculosis, malaria, and other diseases prevalent in African populations ACRO is committed to building clinical research capacity on the African continent and has developed a range of training courses and services to meet this need. We have fo",https://ichgcp.net/cro-list/country/south_africa/company/acro
Andurihl Medical Writing CC,cmocro.com,South Africa,ichgcp,,0834399962,"51 Koorsboom Crescent, Vredekloof, Brackenfell, Cape Town, 7560","CMOCRO.com is a PharmaCircle company that provides a free listing of service companies within the pharmaceutical, biotechnology, diagnostic and medical device industries around the globe. The company profile information covers the full spectrum of service, product and technology categories from discovery and precilinical to clinical development and manufacturing services. Currently there are 26 top service and 4500+ sub service categories, along with facility, equipment, regulatory/inspection status information. Please contact CMOCRO.com to be included within the directory at no charge. List of CROs by location Europe North America Asia Africa South America Oceania Regulations Resources",https://ichgcp.net/cro-list/country/south_africa/company/andurihl_medical_writing_cc
BioInformatiCo,bioinformatico.com,South Africa,ichgcp,info@bioinformatico.com,+27 10 500 7546,"Adapt Office Suites 3 Gwen Lane, Sandton,  Johannesburg, South Africa 2031","We are a trusted and responsive clinical data management company, offering a range of clinical data management and related services. We give funders, sponsors and clinical researchers the data confidence needed to advance medical discoveries. Our services include Comprehensive Clinical Data Management Solutions, Value-Added Reporting for Study Optimisation, Validated Customised Integrations, and much more. At BioInformatiCo, we value real partnership with our clients and ensure that data is always insight-ready and actionable. List of CROs by location Europe North America Asia Africa South America Oceania",https://ichgcp.net/cro-list/country/south_africa/company/bioinformatico
CR Integrations,crintegration.com,South Africa,ichgcp,,+27 71 301 6954,"17 Mountain View Street, Silwerstrand Riverside Estate, Robertson, Western Cape, South Africa, 6705","With over 25 years of invaluable experience, CR Integration proudly maintains strong professional relationships with sponsor companies, Contract Research Organizations (CROs), Clinical Research Associates (CRAs), Clinical Trial Assistants (CTAs), and vendors, all of whom play crucial roles in the success of every clinical trial we undertake. Additionally, we have established partnerships with reputable trial centers. Over the years, we have meticulously assembled a team of highly knowledgeable professionals in the field of Clinical Research. List of CROs by location Europe North America Asia Africa South America Oceania Regulations Resources",https://ichgcp.net/cro-list/country/south_africa/company/cr_integrations
FARMOVS,farmovs.com,South Africa,ichgcp,business@farmovs.com,+27 51 410-3179/3452,"Pharmacology Building, University of the Free State, Nelson Mandela Drive, Bloemfontein, 9301","FARMOVS can accelerate your product development through innovative ICH GCP compliant phase 1- 2a clinical research. Since 1974 more than 3000 trials have been conducted at our world-class clinical research facility. We have a large GLP certified bioanalytical laboratory, a registered pharmacy and a 98-bed clinic with an on-site ISO 15189 accredited clinical laboratory. In addition, we offer participant recruitment and Site Management Organisation services. Gain access to the most diverse African study population, unmatched integrated research flexibility and pharmacogenomic advice. We have long standing relationships with clients across the globe, ranging from small biotech firms to some of the largest pharmaceutical companies. We have an excellent regulatory inspection history and have aligned ourselves with the standards of the EMA, FDA, MHRA, SAHPRA and WHO. Choose FARMOVS for an integrated clinical research experience.",https://ichgcp.net/cro-list/country/south_africa/company/farmovs
Key Oncologics (Pty) Ltd,keyoncologics.co.za,South Africa,ichgcp,key@icon.co.za,27-11-483-0060/5,"39, 11th Avenue, Houghton Estate.",Key Oncologics (Pty) Ltd is a South African pharmaceutical company that primarily focuses on the treatment of cancer and allied diseases.The company was founded in 1998 representing international companies that do not have an independent presence in South Africa.Over the years our product profile has grown from a single product to a comprehensive portfolio. We have also diversified into biologics and are in the process of building a generic portfolio. In moving forward Key Oncologics will continue to seek options for patients to live longer and live better. List of CROs by location Europe North America Asia Africa South America Oceania Regulations Resources,https://ichgcp.net/cro-list/country/south_africa/company/key_oncologics_pty_ltd
OnQ Research,onqsa.co.za,South Africa,ichgcp,,27  11  431  0791,"250 Market Street, Fairlands, Johannesburg, 2170","OnQ Research was founded more than ten years ago as a monitoring consultancy. It has since evolved into a full service Contract Research Organization. OnQ Research is based in Johannesburg, with a satellite office in Cape Town. One of the earliest and original CRO’s located in Africa, it is now well able to conduct clinical trials all over the African continent. OnQ Research, through it’s decade long legacy of conducting research in Africa, is ideally placed to understand the subtleties and nuances of conducting clinical research in different African countries, which, although may have overt similarities, yet have intrinsic differences. OnQ’s experience extends to that of a wide investigator and site database, knowledge of different ethics and regulatory authorities and the on the ground knowledge of conducting clinical research that is to a globally accepted ICH / GCP standard of quality, yet maintaining the integrity and vulnerabilities of the populations contained within our contine",https://ichgcp.net/cro-list/country/south_africa/company/onq_research
Siri Technologies,siritech.co.za,South Africa,ichgcp,info@siritech.co.za,27843777710,"Unit 04, #5 NewRoad Office Park, Halfway Gardens, New Road, Midrand -1687, Johannesburg, South Africa.","Siri Technologies Consulting Services offer dedicated IT consulting services to small, medium and large companies creating a door way to hire fresh, qualified, enthusiastic, highly talented and experienced professionals. Our innovative strategies assist you to transform your business and meet specific needs of your industry. Our Technology Consulting services, built on a solid foundation with Technology and domain experts hire the best suitable candidates for your project in least possible time. We ensures that all issues are resolved in minimum time possible. We help you to improve your firm’s efficiency, increase agility, flexibility and reduce outgoing costs List of CROs by location Europe North America Asia Africa South America Oceania Regulations",https://ichgcp.net/cro-list/country/south_africa/company/siri_technologies
The Micron Group,micron-group.com,South Africa,ichgcp,,27  12  345  5266,"Route 21 Corporate Park, 5 Regency Drive, Building 1, Irene 0062, Centurion, South Africa Other The Micron Group's locations around the world","Full-service CRO with an unwavering focus delivering high quality, on-time and cost-effective clinical research. While our impeccable reputation in anti-infective research and development has been at the core of our growth, we have extended that reputation and experience across a wide range of therapeutic areas. List of CROs by location Europe North America Asia Africa South America Oceania Regulations Resources",https://ichgcp.net/cro-list/country/south_africa/company/the_micron_group
C&R Research Inc.,cnrres.com,South Korea,ichgcp,BD@cnrres.com,+82 2-6251-1500,"C&R Building, 412 Yeoksam-ro, Gangnam-gu, Seoul, Korea 06199 Other C&R Research Inc.'s locations around the world","C&R Research, first CRO in South Korea since 1997, has partnered with Korea's health and medical industries in clinical development for the past years. We are the Global End-to-End Service Provider, supporting the new drug development process to improve people’s health. For the clinical services, we are conducting phase I~III, and late phase professionally. To date, C&R Research has carried out a total of 1,800 clinical trials, coupled with drug license services. Currently growing as the Global CRO, C&R Research strengthens its capabilities with overseas corporations and C&R Family companies. List of CROs by location Europe North America Asia Africa",https://ichgcp.net/cro-list/country/south_korea/company/cr_research_inc
LSK Global PS,lskglobal.com,South Korea,ichgcp,information@lskglobal.com,82.2  .546.1008,"97 Toegye-Ro, Coryo Daeyungak Tower, 16TH Fl., Jung-Gu, Seoul 04535 Korea","Since March 2000, when LSK Global PS kicked off its business, LSK Global PS has established its position as a one-stop, full-service CRO encompassing all of the major areas of clinical research, i.e. registration trials from phase I to III, investigator-sponsored clinical studies, post-registration studies such as phase IV studies, PMS studies, observational studies, etc., and consulting services for new drug development. As of June 2018, we have conducted about 1027 clinical studies so far, including about 585 registration trials and about 124 global clinical studies. List of CROs by location Europe North America Asia Africa South America Oceania Regulations Resources",https://ichgcp.net/cro-list/country/south_korea/company/lsk_global_ps
Anapharm,anapharmbioanalytics.com,Spain,ichgcp,info@anapharmbioanalytics.com,34  93  223  86  36,"Encuny 22, 2nd floor, 08038 Barcelona","Located in Barcelona (Spain) Anapharm Bioanalytics is a customer-focused bioanalytical contract research organization (CRO) supporting pharmaceutical development from early preclinical through late stage clinical research contributing to the approval of many new drugs around the world.Led by a team with over three decades of experience and a laboratory equipped with state—of-the-art technologies, , Anapharm Bioanalytics has become a world-class provider of high-quality bioanalytical services for the pharmaceutical, biopharmaceutical and generic industry worldwide. We believe people are the main asset of any company. That is why at Anapharm Bioanalytics we strive to create an exciting work environment and engage in intensive training of our staff so that you find highly skilled scientists to support your project. We also believe transparent and effective communication is key to success. Our clients benefit from direct contact with our Study Directors so as to ensure permanent updates on",https://ichgcp.net/cro-list/country/spain/company/anapharm
BioClever,bioclever.com,Spain,ichgcp,info@bioclever.com,+34934086388,es,"BioClever is a full service CRO, dynamic and reliable that offers comprehensive support in clinical research activities. We are committed to help our clients to accelerate the development of drugs and devices that save lives and improve quality of life of patients. We focus our efforts on the factors that are critical to our clients: - Reducing times - Reducing cost - Increasing quality We are personally involved in designing, conducting, monitoring and managing the projects: Your success is our success! Contact us for further information. List of CROs by location Europe North America Asia Africa South America Oceania Regulations Resources",https://ichgcp.net/cro-list/country/spain/company/bioclever
GenesisCare Clinical CRO,genesiscare.com,Spain,ichgcp,,+61 (02) 8236 3300,"Calle Emilio Vargas, 16 28043, Madrid, España Other GenesisCare Clinical CRO's locations around the world","GenesisCare Clinical CRO is an independent company founded by GenesisCare, with people skilled across the full spectrum of traditional CRO service offerings yet connected through GenesisCare to additional research services and investigator sites. Why partner with GenesisCare Clinical CRO? We offer a unique model integrating a Contract Research Organisation with our Clinical Research Network as well as a bespoke model to fit each client’s needs. Our integrated model leads to faster, better designed and cost-effective drug development: direct to site communication and transparency rapid access to information on patient availability (e.g. eMR) better study feasibility & site selection better patient recruitment & retention faster escalation & resolution of issues improved investigator/site engagement key opinion leader input into study design & reporting",https://ichgcp.net/cro-list/country/spain/company/genesiscare_clinical_cro
IATEC,iatec.com,Spain,ichgcp,,+55  19  3113-0170,"Av. Santana, 1995, Parque Ortolândia– Hortolândia/SP CEP 13184-210","O IATec é um instituto que dedica seus esforços em um único objetivo: unificar e apoiar a estrutura da Igreja Adventista do Sétimo Dia em suas rotinas administrativas, através de soluções em TI. List of CROs by location Europe North America Asia Africa South America Oceania Regulations Resources",https://ichgcp.net/cro-list/country/spain/company/iatec
"Marketing Farmacéutico & Investigación Clínica, S.L.",web.mfar.es,Spain,ichgcp,rrhh@mfar.net,,"Balmes 243, Escalera A 5º1ª - - 08006 Barcelona","MFAR is a full-service CRO focused on clinical research with a patient-centered approach owing to improve available therapies. The highly qualified team has extensive experience, with a successful track record of conducting over 200 trials across EU. List of CROs by location Europe North America Asia Africa South America Oceania Regulations Resources",https://ichgcp.net/cro-list/country/spain/company/marketing_farmaceutico_investigacion_clinica_sl
Sofpromed,sofpromed.com,Spain,ichgcp,info@sofpromed.com,+34 607 939 266,"11 Gremi d’Hortelans, 3rd Floor, Office 8 07009 Palma de Mallorca, Spain Other Sofpromed's locations around the world","Sofpromed is a full service Clinical Research Organization (CRO) specialized in the global management of phase I-IV clinical trials worldwide for biotechnology and pharmaceutical companies across all therapeutic areas. We manage clinical trials globally in the United States, United Kingdom, Europe, Asia-Pacific, Middle East, North Africa, and Latin America. The therapeutic expertise of our staff includes oncology, cardiovascular, metabolic, central nervous system, dermatology, infectious and respiratory diseases, among other areas. We provide regulatory, clinical operations, data management, biostatistics, pharmacovigilance, bioanalysis, and medical writing services to streamline the execution of clinical trials and the development of innovative treatments. In addition, we facilitate formulation development, analytical testing, drug manufacturing, labeling, packaging, storage, and distribution solutions for clinical trial sponsors around the world. Sofpromed was founded in 2012 in Spai",https://ichgcp.net/cro-list/country/spain/company/sofpromed
A+ Science,a-plusscience.com,Sweden,ichgcp,info@a-plusscience.com,46  (0)735  24  03  32,"Stockholm,Luntmakargatan 22,SE-111 37 Stockholm, Sweden","A+ Science is a complete clinical service CRO with long experience of services in clinical trials for pharmaceuticals (Phase I-IV) as well as medical devices. We also have experience in conducting non-interventional and registry trials. Our services are within clinical trial management, outsourcing of consultants and pharmacovigilance. We have experience since 1997 and work in broad spectra of therapeutic areas in the Nordic countries as well as Northern Europe. Our staff is familiar with responsibilities within project management and monitoring which could range from small complex to multicenter trials. Through close cooperation and continuous dialogue with customers, our services can be customised according to your requirements. By being flexible we can provide a complete solution or support within specific areas and activities. Among our customers are pharmaceuticals, generic, biotech and medical device companies, as well as Clinical Research Organisations (CROs) located in Sweden, ",https://ichgcp.net/cro-list/country/sweden/company/a_science
Accium Biosciences,acciumbio.com,Sweden,ichgcp,info@acciumbio.com,206.258.8860,-,"Accium BioSciences was established in May 2004 and is currently at the James Tower Life Sciences Building, located on the Swedish Medical Center Cherry Hill Campus. Accium provides reliable 14C/12C ratio measurement of clinical samples that support studies from drug development and medical research communities. Our AMS clinical applications include mass balance ADME, absolute bioavailability, metabolite profiling, and microtracing studies, which can be adjusted to the needs to our clients. Our AMS facility features a National Electrostatics Corporation 1.5 SDH-1 Pelletron Accelerator Mass Spectrometer that routinely operates with two ion sources of 40-sample and 134-sample capacities. The precision and accuracy of all sample measurements are 0.3%. Accium also provides expert HPLC chromatography, sample preparation, and method development services from our bioanalytical group. We also have an independent Quality Assurance Unit that offers sample tracking verification, chain-of-custody v",https://ichgcp.net/cro-list/country/sweden/company/accium_biosciences
Astrom Research International,astromresearch.com,Sweden,ichgcp,stefan@astromresearch.com,46708634909,"Karl XII gatan 4, SE 22220 Lund, Sweden","Astrom Research International (ARI) is a CRO and specialised consultancy focusing exclusively on the Chinese market. We turn to Western companies in the Life Science sector intending to conduct clinical research or set up operations in China. The strength of ARI lies in the combination of vast experience within clinical trials management, an extensive local contact network and cultural insight. All parts necessary to perform clinical research in China. We operate through a network of high quality university hospitals in all major Chinese cities and work cooperatively with key regulatory authorities on both provincial and national level. ARI has concluded agreements with multiple major hospitals in China in specified areas of cooperation. These agreements cover areas such as International Clinical M/C Trials in Chinese hospitals, GCP Training of Investigators and site Monitors, and Organisation of Conferences and Seminars in EU, US and China. List of CROs by location Europe North Americ",https://ichgcp.net/cro-list/country/sweden/company/astrom_research_international
Theradex Oncology AB,theradex.com,Sweden,ichgcp,enquiry@theradex.co.uk,+46 70 858 34 70,"Bigatan 9, SE 43139 Molndal","Theradex was founded in 1982 with the award of the Clinical Trials Monitoring Service contract for the National Cancer Institute (NCI) in the United States. The Clinical Trial Monitoring Service provides central data management and monitoring services for early phase cancer trials sponsored by the NCI. In 2014, the services expanded to support trials conducted under the NCI Experimental Therapeutics Clinical Trials Network (ETCTN). Theradex’s support of NCI programs also includes audits of NCI-supported cancer center programs participating in NCI sponsored clinical trials. Theradex’s early collaboration with NCI led to an expansion of services to pharmaceutical industry sponsored oncology clinical trials. Theradex has always recognized that each sponsor requires a personalized approach to meet their drug development and business needs. This commitment to service has supported Theradex’s growth which has been primarily driven by referrals. The continued focus on personalized service has",https://ichgcp.net/cro-list/country/sweden/company/theradex_oncology_ab
Appletree,appletree-cig.com,Switzerland,ichgcp,,41  52  209  06  40,"Rudolf-Diesel-Strasse 3, 8404 Winterthur, Switzerland","Appletree CI Group the reference CSO With headquarters in Switzerland and local presence in 11 European countries, we are able to perform clinical research throughout Europe with our own staff, and offer regulatory services worldwide. Our experienced team originating from more than 10 countries has extensive language competence and cultural literacy. With Appletree CI Group you get Swiss quality and global reach. List of CROs by location Europe North America Asia Africa South America Oceania",https://ichgcp.net/cro-list/country/switzerland/company/appletree
BIOP,biop.epfl.ch,Switzerland,ichgcp,biop@epfl.ch,41  (0)  21  693  96  18,"EPFL-SV-PTECH-BIOP,Station 15, CH-1015 Lausanne",The Bioimaging and Optics platform (BIOP) is located in the faculty of Life Science (SV) at the Ecole Polytechnique Fédérale de Lausanne (EPFL) and part of a network of core facilities at the faculty. The general idea of the platform is to provide instruments and even more important expertise to solve challenging (biological) questions with modern light-microscopy. Therefore the BIOP seeks to create a link between life sciences and engineering to investigate jointly these fundamental fields. Teaching and education as well as research projects are organized for promoting a mutual understanding. Currently a broad range of light microscopic techniques ranging from simple wide-field imaging systems over standard point-scanning confocal microscopes up to a high-end 2-Photon-excitation microscope are available at the facility. The main idea is to teach users so that they can use the instruments independently. Additionally there is a strong competence and necessary computer power to perform i,https://ichgcp.net/cro-list/country/switzerland/company/biop
Developharma,developharma.ch,Switzerland,ichgcp,info@developharma.ch,+41(0)91  611  98  88,"Developharma SA, 6928 Manno (Lugano), Switzerland","Developharma provides pharmaceutical development services to Rivopharm as well as to third party pharmaceutical companies, either on an exclusive basis or as possibile joint development projects. List of CROs by location Europe North America Asia Africa South America Oceania Regulations Resources",https://ichgcp.net/cro-list/country/switzerland/company/developharma
MD Biosciences,mdbiosciences.com,Switzerland,ichgcp,,+41-44  986  2628,MD Biosciences GmbH Gewerbestrasse 9 8132 Egg b. Zürich Switzerland Other MD Biosciences's locations around the world,"MD Biosciences is an industry-leading provider of preclinical, translational and clinical-phase contract research services for the development of pharmaceutical and diagnostic assets. Established in 1991, MD Biosciences offers expertise, services and products across a wide range of therapeutic areas including inflammatory diseases, autoimmunity, neurology, oncology, metabolism, and pain. We collaborate with companies of all sizes, from small start-ups to large pharmaceutical pioneers, for the development of innovative therapeutics and diagnostic assays. List of CROs by location Europe North America Asia Africa South America Oceania Regulations Resources",https://ichgcp.net/cro-list/country/switzerland/company/md_biosciences
PharmNDev Experts,pharmndev.com,Switzerland,ichgcp,contact@pharmndev.ch,+41 (0) 79 504 3000,Quai du Seujet 28 - 1201 Geneva,"Located in Switzerland, we are a passionate human-sized CRO composed of a team of experts. Our main objective is to provide the best services to satisfy our customers’ needs in two areas of activity: Consultancy relating to biological and pharmacological preclinical and clinical research, for medicines, medical devices, in-vitro diagnostic devices, biotechnology and nutrition. Regulatory support and follow-up in compliance with the most current guidances / guidelines to help developing pharmaceutical and biotechnological products, medical and in-vitro diagnostic devices, as well as hygiene and nutrition products. From start-up biotechnologies companies up to larger pharmaceutical companies, we intend to offer a rigorous, reactive and tailored approach to every customer, because every project is unique. List of CROs by location Europe North America Asia Africa",https://ichgcp.net/cro-list/country/switzerland/company/pharmndev_experts
SOCAR,socar-research.com,Switzerland,ichgcp,info@socar.ch,41  22  994  43  43,"18, chemin de Chantemerle, CH-1260 NYON, Switzerland","SOCAR was founded in 1986, and has more than 25 years of experience in the design, conduct, analysis and reporting of phase I to IV clinical studies. Since our founding, SOCAR has become a leading independent clinical research organisation by delivering unparalleled expertise and service to our customers. Today, our clinical expertise, academic and opinion leader network and operational capabilities enable us to serve our clients worldwide and empower them to safely, efficiently and more quickly commercialise drugs and devices. List of CROs by location Europe North America Asia Africa South America Oceania Regulations Resources",https://ichgcp.net/cro-list/country/switzerland/company/socar
ScinoPharm,scinopharm.com,Taiwan,ichgcp,info@scinopharm.com,886-6-505-2888,"No.1, Nanke 8th Rd., Shanhua Dist., Tainan City 741, Taiwan","Founded in 1997, with initial on-site operations beginning in November 1999, ScinoPharm offers a wide array of process R&D services and API manufacturing capabilities designed to satisfy customers' exact requirements and facilitate their rapid market introductions. ScinoPharm specializes in process R&D and the production of CGMP Active Pharmaceutical Ingredients (APIs) List of CROs by location Europe North America Asia Africa South America Oceania Regulations Resources",https://ichgcp.net/cro-list/country/taiwan/company/scinopharm
Aclires,aclires.com,Thailand,ichgcp,info@aclires.com,6624121315,"ACLIRES Bangkok Ltd., 27th floor, Bangkok City Tower, 179 South Sathorn Rd., Sathorn, Bangkok 10120 Other Aclires's locations around the world","ACLIRES International Ltd. is a full-service specialty CRO with GCP-certified clinical units in Thailand and Latin America. ACLIRES primary CRO services consist of medical writing, regulatory support, project management and patient recruitment, conduct of First in Human, Phase I /II studies, site selection and site management for Phase III studies, monitoring, and clinical expert networks. ACLIRES maintains extensive patient databases providing access to special patient populations and treatment-naïve patients. ACLIRES studies and its related services are GCP-certified and fully compliant with international drug development standards and US Food and Drug Administration (FDA) and International Conference on Harmonisation (ICH) guidelines for Good Clinical Practice (GCP). The company has special expertise in infectious diseases, metabolic disorders, cardiovascular disease, oncology and CNS disorders. List of CROs by location Europe North America Asia Africa South America Oceania Regulat",https://ichgcp.net/cro-list/country/thailand/company/aclires
Asia Global Research (AGR),asiaglobalresearch.com,Thailand,ichgcp,info@agr-cro.com,66  (0)  2011  5126,"BRO Building, 3241 Rama IV Rd., Klong Ton, Klong Toey, Bangkok 10110","AGR is a subsidiary of Bumrungrad International Hospital Public Company Limited (SET:BH), based in Bangkok, Thailand. Through its CRO and SMO business segments, the company offers a broad range of Phase I to IV clinical trials and staffing. AGR will help establish clinical trial in Southeast Asia, with its diverse patient populations, as an ideal location for rigorous, insightful and cost-effective outsourcing clinical research. AGR’s trial management capabilities include establishing and monitoring trials in Thailand. The Clinical Research Organization (CRO) is staffed with research professionals who possess many years of experience managing clinical trials in the global environment. This highly trained group is fully capable of managing complete development programs or any individual service required by a sponsor. The Site Management Organization (SMO) is made up of personnel who use their years of experience in conducting site studies for the international pharmaceutical industry. T",https://ichgcp.net/cro-list/country/thailand/company/asia_global_research_agr
Clinixir,clinixir.com,Thailand,ichgcp,marketing@clinixir.com,+66 2 163 6430,"173/18 Asia Centre Building, 17th Floor S Sathorn Rd,  Thung Maha Mek, Sathon, Bangkok 10120","Clinixir’s all-inclusive services cover the entire process of drug development including Clinical Trial Services, Regulatory Affairs, Biometrics, Pharmacovigilance, Real World Evidence and Health Economic & Outcome Research . Our qualified team, state-of-the-art facilities, and bespoke services enable you to enhance patient engagement, reduce risk, and gain higher quality data, all towards the goal of developing better treatments and improving patient outcomes and strategy development. Clinixir has strong partnerships with eight leading medical institutions across Thailand. Our partners provide full support for our services in various areas of all clinical trial phases , including world-class clinical trial sites, patient recruitment and Ethics Committee submissions. Our cross-organizational collaboration ensures the best possible results for our sponsors.",https://ichgcp.net/cro-list/country/thailand/company/clinixir
Synchron,bio-innova.com,Thailand,ichgcp,,66  (0)  254-9008-9,"19/11-14 Soi Wattana, Sukhumvit 19 Road, Klongtoeynue, Wattana, Bangkok 10110 THAILAND Other Synchron's locations around the world","Synchron was started by a group of pharmaceutical professionals in 1998. Today Synchron is a leading Contract Research Organization in India providing broad range of clinical research services from phase I to phase IV, including : Bioavailability/bioequivalence Pharmacokinetic/Pharmacodynamic studies Dermatopharmacokinetics Bioanalysis Statistical analysis and Data Management Pharmacovigilance strictly adhering to ICH and GCP guidelines and other applicable guidelines and regulations. List of CROs by location Europe",https://ichgcp.net/cro-list/country/thailand/company/synchron
Atlant Clinical,atlantclinical.com,Turkey,ichgcp,contact@atlantclinical.com,,"Atlant Turkey Danışmanlık Hizmetleri Anonim Şirketi Metropol Istanbul C1-279, Atasehir, 34758 Istanbul Other Atlant Clinical's locations around the world","At Atlant Clinical, we work hand-in-hand with the world’s leading biotech and pharmaceutical companies. Our preferred supplier status with some of the biggest names in the industry confirms we have the insight and daily experience to manage your project with utmost efficiency. Trials are conducted in strict accordance with ICH GCP guidelines, all applicable international and local regulations, and any project-specific requirements. Our extremely qualified and knowledgeable team will: Quickly identify a variety of sites in individual countries which best meet your needs Organize the entire study documentation and workflow – including preparation, translation, review, and submission Plan and manage all aspects of the trial, from beginning to completion Provide full monitoring, site management, financial control, and logistical support services Speed, Value, and Diligence Atlant Clinical arranges all contracts with study sites and investigators and provides legal and regulatory support. W",https://ichgcp.net/cro-list/country/turkey/company/atlant_clinical
Chiron Medical Contract Research Organization,chiron-medical.com,Turkey,ichgcp,info@chiron-medical.com,,"Fatih Sultan Mehmet Mah., Poligon Cd. Buyaka Is Kuleleri Buyaka 2 Sitesi Kule:3 No:8C/1 34771 Umraniye, Istanbul, Turkiye","Chiron Medical CRO: Your Local Partner, Our Global Expertise: Chiron Medical CRO Leads the Way. While established in June 2023, Chiron Medical CRO embodies a legacy of over 15 years of collective expertise in propelling breakthroughs in the biopharmaceutical and medical device landscape. Chiron Medical CRO is not just a contract research organization, it's your trusted partner in propelling groundbreaking biopharmaceutical and medical device advancements. Chiron Medical is a local Contract Research Organization (CRO) that specializes in phase I–IV clinical trial management including medical device clinical trials, bioavailability and bioequivalence studies for pharmaceutical and biotechnology companies in Turkiye, covering all therapeutic areas. Chiron Medical has a broad service base that covers all of Turkiye, offering a special blend of international resources and local knowledge. Furthermore, Chiron Medical maintains collaborations with regional organizations to facilitate the prov",https://ichgcp.net/cro-list/country/turkey/company/chiron_medical_contract_research_organization
CRM-CRO,crm-cro.com,Turkey,ichgcp,info@crm-cro.com,90  312  479  23  61,"Naci Çakır Mahallesi 759.Cadde 11/11 06450 Dikmen Çankaya, Ankara, Turkey","To offer a reliable and responsible CRO alternative with its founders experience in the clinical research industry, CRM Medical drug research organization training consultancy. Co. Ltd.have put into operation in October 2006. CRM is committed to excellence, with nearly 20 years of experience, and aims to provide high quality clinical and epidemiological research management services to national and international biomedical and pharmaceutical companies. CRM deserves, it has become one of Turkey's leading and preferred Contract Research Organization. Today, CRM continues its services as a professional, quality, reliable and responsible CRO with its strategic partners. List of CROs by location Europe North America Asia Africa South America",https://ichgcp.net/cro-list/country/turkey/company/crm_cro
Klinar CRO,klinar-cro.com,Turkey,ichgcp,info@klinar-cro.com,+(90)  (312)-447-0274,Mustafa Kemal Mah 2127. Sk. 42 /3  Çankaya / ANKARA TURKEY,"Klinar CRO was established in January 2009 as an Optimum CRO enterprise for the international trials conducted in Turkey. Optimum CRO is one of the first CROs established in Turkey in 2000. In September 2018, we decided to merge our companies back together again in order to be stronger in our projects we are carrying out under the name of Klinar CRO. List of CROs by location Europe North America Asia Africa South America Oceania Regulations Resources",https://ichgcp.net/cro-list/country/turkey/company/klinar_cro
Monitor Medical Research and Consulting,monitorcro.com,Turkey,ichgcp,info@monitorcro.com,+90  (212)  234-1260,Cumhuriyet Mah. Ergenekon Cad. Ahmetbey Plaza No:10 Kat:2 Şişli-Istanbul/TURKEY,MonitorCRO provides a comprehensive service package at all stages of medical research from designing projects and getting approval from the legal authorities up to statistical analysis and final report writing to reach to a required outcome for successful product development. List of CROs by location Europe North America Asia Africa South America Oceania Regulations Resources,https://ichgcp.net/cro-list/country/turkey/company/monitor_medical_research_and_consulting
Omega CRO,omega-cro.com.tr,Turkey,ichgcp,info@omega-cro.com.tr,+903124267722,Piri Reis Caddesi No:2/4 Beytepe Ankara / Turkey,Omega founded in March 1997 and we are the first CRO in Turkey. We provide clinical and epidemiological research management to national and international pharmaceutical companies and other health-related organizations. We are the only CRO that provides full services for trials between the local CROs. You can find below our major services listed below: µ Clinical Trials (Phase II-IV) µ Medical Device Trials (with CE mark and without CE mark) µ Observational Trials µ Epidemiological Trials,https://ichgcp.net/cro-list/country/turkey/company/omega_cro
Vital CRO Clinical Research Organization Education and Consultancy Ltd. Co.,vital-cro.com,Turkey,ichgcp,info@vital-cro.com,+90 850 309 5743,Esentepe District Büyükdere Street Loft Residance Number: 201/6  Sisli/ISTANBUL,"Vital CRO Clinical Research Organization Education and Consultancy Limited Company is a contract research organization. Vital CRO, high quality service for the pharmaceutical, biotechnology, medical device and cosmetics industries since its inception, is a clinical research company that provides complete solutions in guidance and licensing. Our expertise is Phase1 - Phase4 clinical trials management, medical device clinical research management, cosmetic clinical trials management, site management organization, observational studies, medical writing, research protocol design, data management and biostatistics, medical translation, licensing and It covers a wide range of Clinical Research trainings. Our motto is “Vital: Necessary to maintain life; breathing, circulation, CLINICAL RESEARCH!” List of CROs by location Europe North America Asia Africa South America",https://ichgcp.net/cro-list/country/turkey/company/vital_cro_clinical_research_organization_education_and_consultancy_ltd_co
AXON Medica,axonmedica.com,UAE,ichgcp,info@axonmedica.com,971  4  459  9904,es,"axon MEDICA – The Healers; connecting needy patients to the compassionate professionals. Every visitor, guest and patient to axon MEDICA is an opportunity to the team to exhibit it’s core strength; the genuine patient-centric service. We are committed in delivering the best-in-class of healthcare services. axon MEDICA is the healthcare vertical of Health World Investments LLC. Health World is a new and growing organization that sets to make a mark in the field of healthcare. Health World has signed an MOU with a leading healthcare provider to start medical centres, clinics, pharmacies, diagnostic centres and labs in Dubai. Based in Dubai, United Arab Emirates, Health World is a part of Study World Group. List of CROs by location Europe North America Asia Africa South America Oceania",https://ichgcp.net/cro-list/country/united_arab_emirates/company/axon_medica
Clinica Group,clinicagroup.com,UAE,ichgcp,contact@clinicagroup.com,+971 6 557 29 01,"HMT FZC, B1-214, AJMAN FREE ZONE, PO BOX 16881 Other Clinica Group's locations around the world","Clinica Group is the first CRO to be working in Algeria. It was created in 2007 and accredited by the Algerian Ministry of Health. Our team’s internationally-based training (in Europe and the USA), along with our experience in the management of interventional, observational and pharmacoepidemiological studies in different therapeutic areas, have enabled us to meet our customers’ various needs and place their satisfaction at the heart of our business. Our employees work in accordance with international standards (Declaration of Helsinki, ICH-GCP etc.) in order to meet our pharmaceutical and institutional partners’ expectations. List of CROs by location Europe North America Asia Africa South America Oceania",https://ichgcp.net/cro-list/country/united_arab_emirates/company/clinica_group
Absorption Systems,absorption.com,USA,ichgcp,contact@absorption.com,610-280-7300,"436 Creamery Way, Suite 600 Exton, PA 19341","Our mission is to continually develop innovative research tools that can be used to accurately predict human outcomes or to explain unanticipated human outcomes when they occur. Absorption Systems was Established in 1996 Absorption Systems develops and implements research tools that allow our customers to better predict human outcomes. We have locations in Exton, Pennsylvania, San Diego, California, Medford, Massachusetts and Panama City, Panama. We work with a wide variety of customers in the pharmaceutical and biotech industry, including small virtual pharma companies, large pharma companies with weekly programs, and specialty CROs looking for services that complement their own offerings. Our flexibility allows us to adapt to the needs of each customer. We believe that projects should be viewed as a collaboration, which allows us to work with you to design studies and develop custom models when necessary. This collaborative approach has resulted in the generation of several innovativ",https://ichgcp.net/cro-list/country/usa/company/absorption_systems
Accelerated Enrollment Solutions,acurian.com,USA,ichgcp,,1.215.323.9000,,"AES owns a proprietary database containing fully identified patient data. And we own a global site conduct organization. Put them together and you get a unique solution for global patient delivery that offers certainty of budget, time, speed, and quality. List of CROs by location Europe North America Asia Africa South America Oceania Regulations Resources",https://ichgcp.net/cro-list/country/usa/company/accelerated_enrollment_solutions
ACI Clinical,aciclinical.com,USA,ichgcp,info@aciclinical.com,1  (484)  429-7200,"3 Bala Plaza West, Suite 402 251 St. Asaphs Road Bala Cynwyd, PA 19004 Located in the Greater Philadelphia Area","Since our inception in 2001, ACI Clinical has been providing timely, unbiased, actionable medical/safety/data guidance and decision support tools to mitigate risk and ensure patient safety in clinical trials. ACI provides this timely oversight and guidance through independently managed Expert Committees, including full-service Endpoint Adjudication Committees, Data Monitoring Committees, and Safety Assessment Committees. ACI has built a global network of more than 550 expert thought leaders who can serve as committee members and/or advisors to our clients. We integrate this deep network expertise with bias free analytics and state of the art decision support technology to enhance trial integrity for regulatory submissions, mitigate risks and enable patient safety. ACI was built with a systems approach to organizational quality, and our employees care deeply about achieving customer satisfaction and performance excellence in everything we do. We integrate this deep network expertise wit",https://ichgcp.net/cro-list/country/usa/company/aci_clinical
Agilent,agilent.com,USA,ichgcp,contact_us@agilent.com,1  877-424-4536  1  408-345-8886,"5301 Stevens Creek Blvd. Santa Clara, CA 95051","Agilent is a leader in life sciences, diagnostics and applied chemical markets. The company provides laboratories worldwide with instruments, services, consumables, applications and expertise, enabling customers to gain the insights they seek. Agilent’s expertise and trusted collaboration give them the highest confidence in our solutions.Agilent focuses its expertise on six key markets, where we help our customers achieve their goals List of CROs by location Europe North America Asia Africa South America Oceania Regulations Resources",https://ichgcp.net/cro-list/country/usa/company/agilent
Akos Urgent Care,akosmd.com,USA,ichgcp,urgentcare@akosmd.com,602.899.4404,"5104 N. 67th Avenue Glendale, Arizona 85301","Telemedicine is revolutionizing the healthcare industry, improving access and reducing cost for patients and providers alike. With digital health technology more advanced than ever and virtual consults that put both parties face to face, telemedicine is able to offer streamlined convenience without compromising quality care. Akos is a pioneer in telemedicine, offering patient-centered solutions that in turn benefit employers, physicians and healthcare centers. With a mobile interface that lets you virtually consult with a board-certified provider anywhere anytime and care coordinators to ensure your needs are always being met, Akos strives to provide the most comprehensive telemedicine service in healthcare. List of CROs by location Europe North America Asia Africa South America Oceania Regulations Resources",https://ichgcp.net/cro-list/country/usa/company/akos_urgent_care
Albuquerque Clinical Trials (ACT),abqct.com,USA,ichgcp,,(505)  224-7407,"Valmonte Akers Albukerke, New Mexico, 87102, USA","Albuquerque Clinical Trials, Inc. (ACT) We are a privately-owned, dedicated clinical research center specializing in Phase II-IV clinical trials for pharmaceutical and biotechnology sponsors. Founded in 1988, we have over 80 years of combined research experience. ACT study teams have been involved in more than 500 clinical research studies. Our dedicated staff includes board certified physicians, certified study coordinators, licensed clinicians, regulatory and recruitment specialists and data entry personnel who are focused on improving the health and quality of life of our patients through new and innovated therapies. We are uncompromising in the conduct of our trials: exceeding sponsor expectations for dependability, human protection, subject enrollment and overall performance. List of CROs by location Europe North America Asia Africa South America",https://ichgcp.net/cro-list/country/usa/company/albuquerque_clinical_trials_act
AlcheraBio,alcherabio.com,USA,ichgcp,info@alcherabio.com,1-732-205-0192,"91 FIeldcrest Ave Suite #A14 Edison, NJ 08837","AlcheraBio is a Contract Research Organization (CRO) and animal health consultancy group. We are dedicated to helping companies achieve their clinical trial goals on time, within budget, and with high-quality data. We are proud to see that our work contributes to new medical therapies that improve the lives of animals around the world. List of CROs by location Europe North America Asia Africa South America Oceania Regulations Resources",https://ichgcp.net/cro-list/country/usa/company/alcherabio
Alliance for Clinical Trials in Oncology,alliancefoundationtrials.org,USA,ichgcp,AllianceServiceCenter@AllianceNCTN.org,877-442-2542,"221 Longwood Avenue, Room 108, Boston, MA 02115","The Alliance for Clinical Trials in Oncology seeks to reduce the impact of cancer on people by uniting a broad community of scientists and clinicians from many disciplines, committed to discovering, validating and disseminating effective strategies for the prevention and treatment of cancer. Our Mission The mission of the Alliance for Clinical Trials in Oncology is to reduce the impact of cancer by: Conducting high quality multidisciplinary cancer control, prevention, and treatment trials that engage a comprehensive research network Furthering our understanding of the biological basis of the cancer process and its treatment, from discovery, to validation, to clinical practice Providing a scientific and operational infrastructure for innovative clinical and translational research in the academic and community settings List of CROs by location Europe North America Asia",https://ichgcp.net/cro-list/country/usa/company/alliance_for_clinical_trials_in_oncology
AlphaGenesis Incorporated (AGI),alphagenesisinc.com,USA,ichgcp,info@alphagenesisinc.com,866.789.MONK  (6665).,,"AGI has enjoyed tremendous success and growth throughout the years, and as we have grown, we have strengthened our dedication to providing only the best and most cost-effective research and development support to the scientific community. Each AGI employee working in our AAALAC accredited facilities is highly qualified and carefully trained specifically to complete the job for those who are counting on you. At AGI your research is, and will always be, our highest priority. List of CROs by location Europe North America Asia Africa South America Oceania Regulations",https://ichgcp.net/cro-list/country/usa/company/alphagenesis_incorporated_agi
Amarex Clinical Research,amarexus.com,USA,ichgcp,,,es,"Amarex Clinical Research has extensive experience successfully performing clinical studies from across all phases of research and discovery, development, validation and approval. We incorporate scientific excellence and product development strategy in all that we do. Our leadership team has the experience to efficiently provide solutions to the most demanding drug development challenges with a driven focus on completing projects on time, on budget and with the quality that will withstand the most vigorous scrutiny. Our leadership team has been involved in over 400 clinical research projects in over 35 countries. Currently we are conducting studies in the United States, Canadian, our E.U. sites and through our partners in Asia. We have conducted GCP/GMP compliance audits in the EU, Israel, China, Taiwan, Korea, South America and the United States. The leadership team has over 70 years of combined experience and expertise in conducting biomedical research, standardization of data managem",https://ichgcp.net/cro-list/country/usa/company/amarex_clinical_research
Anabase,anabase.com,USA,ichgcp,info@anabase.com,1.609.397.4287,New Jersey,"Our vision is for Anabase to provide the best resources, experience and expertise to companies of any size for their products to succeed in the market place by addressing the medical needs of patients and physicians around the world. Anabase aims at guiding the strategic development of new drugs, new devices and new indications. With our clients, we develop plans, monitor their execution and adapt them to fit the most efficient path to FDA approval. Furthermore, we aim at supporting stellar product launch into the global market place, and at fostering rapid adoption by physicians and their patients. We apply an agile philosophy at each step, from defining the Target Product Profile, to building the Clinical Development and Lifecycle Plan, the corresponding study protocols, and leading their execution. All along, on an ongoing basis, we assess and manage medical and business risk within regulatory compliance. This agile approach incorporates, when appropriate, adaptive design protocols,",https://ichgcp.net/cro-list/country/usa/company/anabase
Applied Biosystems,corporate.thermofisher.com,USA,ichgcp,,781-622-1000  800-678-5599,"Thermo Fisher Scientific 168 Third Avenue Waltham, MA","Applied Biosystems instruments and reagents have been trusted in the lab for over 20 years by the world's top scientists. Researchers who demand efficiency, accuracy, and gold-standard technology use Applied Biosystems integrated systems for sequencing, flow cytometry, and real-time, digital and end point PCR—from sample prep to data analysis. You will now find Affymetrix genetic analysis products under the Applied Biosystems brand. List of CROs by location Europe North America Asia Africa South America Oceania Regulations",https://ichgcp.net/cro-list/country/usa/company/applied_biosystems
At Clinical Systems,clinsys.net,USA,ichgcp,,1  516-745-6200,"377 Oak Street Garden City, NY 11530-6543","At Clinical Systems, Inc. we focus on producing clinical label products that meet the strict requirements of the pharmaceutical and biopharmaceutical industries and have led the way in innovations, accuracy and quality. We’ve developed the most powerful software tools in the industry which drive our entire design and manufacturing process so every label is 100% accurate every time. Our customer service representatives are always responsive to your needs. Since 1987 we’ve developed a subject-matter expertise that can help guide clients, advise them on potential problems or help find solutions to challenges unique to their trial. List of CROs by location Europe North America Asia Africa South America Oceania Regulations",https://ichgcp.net/cro-list/country/usa/company/at_clinical_systems
Aurum Clinical Research,aurumcr.com,USA,ichgcp,info@aurumcr.com,918905312002,-,"We  are   a   Site   Management   Organization   whose    sole purpose   is   to   support   the   successful  outcome   of   all clinical trials. We are constantly  striving  to  identify  and recruit experts in the field  of Clinical Research. Dedicated to  fulfill  the emerging  needs  of   the  healthcare Industry and to successfully complete  clinical  studies  quickly and with cost effectiveness. Our main   objective  is   to  support  clinical  trials through quality enrollment   of  appropriate  patient population. We  strongly believe  that  the  Clinical  Trials  plays  an  important   role in drug development. Ethical conduct of these trials is the key of accuracy, high-quality data that not only meets research and regulatory requirements but also satisfies our moral duties and  responsibility to society . We provide qualified,  pre-screened,  Principal  Investigators  for  participation of the clinical trials  from  all  specialty  area. We have a independent  screening  pr",https://ichgcp.net/cro-list/country/usa/company/aurum_clinical_research
Avail Clinical Research,availclinical.com,USA,ichgcp,,(386)  785-2400,"860 Peachwood Dr, DeLand, FL 32720, USA","Avail Clinical Research is a privately owned research facility, founded in 1998 in DeLand, FL. As an Accel Research Company, Avail and its sister sites (Achieve in Birmingham, Alabama and Accord in Port Orange, Florida) are supported by a strong infrastructure including marketing, business development, finance, human resources and information technology. Accel owns and operates industry-leading clinical research sites that specialize in the full range of indications. We pride ourselves on delivering quality and speed to our pharmaceutical and bio-technology Sponsors, as well as all leading Contract Research Organizations (CRO’s). Our 14,500 sq. ft. facility is located in heart of DeLand, Florida – a rapidly growing bedroom community located midway between Orlando and Daytona Beach. This research facility is state of the art and cutting edge in the industry. List of CROs by location Europe North America Asia Africa South America Oceania Regulations",https://ichgcp.net/cro-list/country/usa/company/avail_clinical_research
Avitacor,avitacor.com,USA,ichgcp,info@avitacor.com,,"420 South Cedros Solana Beach, CA 92075","Avitacor is a California-based company that specializes in providing management, marketing, sales and scientific expertise of CRO services to pharmaceutical and biotechnology companies. Avitacor has developed business alliances for the conduct of clinical trials with qualified international organizations in North America, Asia and Europe. Avitacor has partnered with University of California, San Diego (UCSD) to jointly create education programs to train and certify the physicians and our International Clinical Research Centers supporting staff. Avitacor has formed a strategic venture partnership with Hospitales Angeles Group from Mexico to create the largest CRO in Latin America with its privately owned hospitals.  Partnering with the highest quality health care provider in Mexico, our full service CRO offers access to over 10,000 physicians attracting over 6 million outpatient visits a year at 20 hospitals (sites) throughout Mexico.  With hospital growth at Hospitales Angeles schedule",https://ichgcp.net/cro-list/country/usa/company/avitacor
BASi,basinc.com,USA,ichgcp,AR_Orders@basinc.com,800.837.8771  812.985.3400,es,"Founded in 1974, Bioanalytical Systems, Inc. (BASi®) is a publicly traded, global company headquartered in West Lafayette, Indiana, that provides contract research services and sophisticated, niche instrumentation to the life sciences industry, primarily in drug research, discovery, and development in commercial and academic settings. BASi® also provides critical testing services for biotech and the rapidly growing generic and biosimilars drug sectors. For four decades, BASi® has established itself as an industry leader in contract research and as a resource for instrumentation that meets the demanding requirements of today’s research labs. This can be attributed to an exceptional scientific team, originally established by company founder, Purdue University chemistry professor Peter Kissinger, and our leadership team, all of whom are results oriented and client focused. Indeed, the world’s leading pharmaceutical companies, academic centers, and myriad of startup companies in drug devel",https://ichgcp.net/cro-list/country/usa/company/basi
Bio Analytical Research Corporation (BARC),barclab.com,USA,ichgcp,info@barclab.com,32.9.329  23  29,-,"At Barc Lab our work is about helping you succeed, yet we have a nice story to tell. Take a glance at who we are and what we do. The quality of life and the health of patients has always been our top priority. Our first customers were looking for a central laboratory to act as a reliable partner, that understood what they were trying to achieve and could ensure high quality sample results with exceptional customer service. From that need, Barc Lab was founded 35 years ago. Today, with 600+ employees in 6 offices throughout the world, we remain committed to helping YOU succeed, as we are passionate about improving patients' lives. We partner with you to develop bespoke, optimized solutions for your projects to ensure success as quickly and as cost effectively as possible. We do this by leveraging our state of the art technologies and world-class scientific talent. With our focus on clinical research, we understand the criticality of the laboratory data for your development programs and ",https://ichgcp.net/cro-list/country/usa/company/bio_analytical_research_corporation_barc
BioMetrix,biometrixinc.com,USA,ichgcp,info@biometrixinc.com,415.333.0522,"2435 Ocean Avenue San Francisco, CA  94127","Thank you for visiting our website, and for your interest in learning more about our company. Biometrix was founded in 1994, with the goal of providing high quality instrumentation services at a reasonable price to the biotechnology, pharmaceutical and medical devices industries of New England. Over the years we have expanded the depth and range of our expertise so that we can provide our customers with a more comprehensive service offering. Our capabilities include: On-site calibration Calibration master plan consulting Calibration turnkey program creation and implementation Calibration staffing Commissioning Validation Autoclave cycle development consulting",https://ichgcp.net/cro-list/country/usa/company/biometrix
Biostat International,biostatinternational.com,USA,ichgcp,info@biostatinc.com,(813)  979-1619,"13014 N. Dale Mabry Highway #745 Tampa, FL33618","Biostat International, Inc. is a contract research organization based in Tampa, Florida. For  20 years, BSI has met the needs of device and pharmaceutical companies by providing research services. In 2011, BSI  launched  rED Cap, a web based electronic data collection system that is 21 CFR compliant and supports HIPAA guidelines. In addition to data management with EDC, we also provide biostatistical and clinical management services.  We invite you to browse through our website and learn more about us. List of CROs by location Europe North America Asia Africa South America",https://ichgcp.net/cro-list/country/usa/company/biostat_international
Blue Sky BioServices,blueskybioservices.com,USA,ichgcp,,(800)  383-7795,"Blue Sky BioServices, now a LakePharma company 50 Prescott Street Worcester , Massachusetts , 01605-2661","Blue Sky BioServices, founded in 2003 to serve the Boston area life sciences research hub, is now the leading Contract Research Organization (CRO) providing Gene through Screen services to the global biotech, pharma, and academic R&D market. Our customers enhance the quality and speed of their research by partnering with Blue Sky to receive world class services including; gene synthesis and bulk plasmid preparations, antibody cloning, scale-up production of recombinant proteins in multiple cell lines including mammalian, insect, bacterial and yeast, as well as antibody/protein purification and assay services such as cytotoxicity and qPCR. Blue Sky differentiates itself with its team of experienced researchers, cutting edge process technology, and state-of-the-art laboratory facilities. Our commitment to scientific expertise and value has transformed the company into a center of excellence with unmatched quality and turnaround times. List of CROs by location Europe North America Asia Af",https://ichgcp.net/cro-list/country/usa/company/blue_sky_bioservices
Boston MedTech Advisors,bmtadvisors.com,USA,ichgcp,info@bmtadvisors.com,781.407.0900,"990 Washington St. Dedham, MA  02026","Boston MedTech Advisors provides comprehensive and practical business services leveraging its Principals and other Team members' unique perspective of the medical technology and healthcare industry and their understanding of the challenges companies and providers face in developing, commercializing or utilizing medical technology. This valuable knowledge of the industry is based on the extensive experience of members of Boston MedTech Advisors’ Team gained through: Holding management and executive positions in large and small medical technology companies Founding, financing and growing companies Interacting with federal, state and private health plans Holding federal appointments and serving on advisory committees for the FDA Conducting medical research and holding academic positions Working with and for US-based and off-shore organizations Advanced medical, engineering and business education at top US institutions Boston MedTech Advisors understands the complex issues confronting manu",https://ichgcp.net/cro-list/country/usa/company/boston_medtech_advisors
Bradstreet Clinical Research,bradstreetcra.com,USA,ichgcp,info@bradstreetcra.com,732-821-08800,"Po Box 236 Colts Neck,NY07722","For almost two decades Bradstreet Clinical Research has provided clinical research and regulatory affairs services to pharmaceutical, medical device and medical education companies. Our clients consistently compliment us for being an outstanding service oriented consulting company. Our client loyalty is a result of high quality work, excellent communication, high level of trust and value pricing. We deliver the highest quality clean data, while meeting agreed upon timelines and budgets. If you require clinical development services, the BRADSTREET Group promises to provide you with quality performance, speed, personal service and affordability. Our core strengths are in project management, clinical services including Phase IV studies and registries, and regulatory affairs. We have the experienced, committed team needed to deliver superior results, from project inception through completion, from study design to regulatory submissions. Our senior professionals are highly skilled in all as",https://ichgcp.net/cro-list/country/usa/company/bradstreet_clinical_research
Bright Pharmaceutical Services,brightps.com,USA,ichgcp,,(818)  981-9100,"5160 Van Nuys Blvd. Suite 620 Sherman Oaks, CA 91403","Bright Pharmaceutical Services is a privately-held full-service Contract Research Organization that was founded in 2002. Our clients range from small startups to the largest pharmaceutical, device and biotech companies, as well as government entities. Research trials across the spectrum of therapeutic areas and development stages are supported with full service or a la carte plans. Headquartered in Los Angeles, California, Bright Pharmaceutical Services works globally to service our clients. List of CROs by location Europe North America Asia Africa South America Oceania Regulations",https://ichgcp.net/cro-list/country/usa/company/bright_pharmaceutical_services
Burleson Research Technologies (BRT),brt-labs.com,USA,ichgcp,info@BRT-Labs.com,919.719.2500,"120 First Flight Lane Morrisville, NC 27560","Burleson Research Technologies (BRT) is a Contract Research Organization (CRO) in the Research Triangle Park area that provides laboratory services to clients from the biotechnology, pharmaceutical, chemical manufacturing, and health care industries with proof-of-concept, preclinical, clinical, and toxicology studies that reflect BRT staff scientific expertise. BRT was founded in 1996, performs Good Laboratory Practice (GLP) compliant studies, and has clients that span the globe. Countries represented include the United States, France, the U.K., Switzerland, Italy, Russia, Israel, New Zealand, Australia, Korea, Germany, and Japan. BRT provides flexibility in tailoring studies to best suit clients' individual requirements with accurate, confidential, and timely results utilizing quality assurance programs that guarantee adherence to these principles and GLP regulations. List of CROs by location Europe North America Asia Africa South America Oceania Regulations",https://ichgcp.net/cro-list/country/usa/company/burleson_research_technologies_brt
Camargo Pharmaceutical Services,camargopharma.com,USA,ichgcp,services@camargopharma.com,(513)  561-3329  (888)  451-5708,es,"Camargo Pharmaceutical Services is the most experienced global strategist providing comprehensive drug development services specialized for the 505(b)(2) approval pathway and analogous European processes. By assessing the scientific, medical, regulatory and commercial viability of product development opportunities, Camargo systematically builds and executes complete development plans that align with business strategies and that ensure FDA buy-in every step of the way. Routinely holding three to six pre-IND meetings a month, Camargo has guided more than 200 FDA approvals and works with product developers across more than 25 countries. Camargo is passionate about helping companies like yours make new, enhanced, and differentiated therapeutic benefits a reality. List of CROs by location Europe North America Asia Africa South America Oceania Regulations",https://ichgcp.net/cro-list/country/usa/company/camargo_pharmaceutical_services
Cambridge Biomedical,cambridgebiomedical.com,USA,ichgcp,info@cambridgebiomedical.com,6174560700,"1320 Soldier's Field Road Boston, MA 02135","Cambridge Biomedical Has You Covered From assay development to clinical sample testing, our services are as dynamic as they are dependable. We work across a wide range of therapeutic areas and technology platforms to support all aspects of clinical trials from preclinical to Phase IV. Our test methods include PK/PD analysis, immunogenicity, biomarker analysis, and more. We offer additional services not listed here. Reach out to learn how we can help you. We support the full assay life cycle, from optimization or technology transfer to full validation. Our lab can also perform routine sample testing for LDTs or assays developed in house. services-thumb.jpg Our highly skilled team of medical technologists and support staff provide quality results with fast turnaround times. We provide kits, forms, and central lab services for clinical trials. We have a robust LIS system and a highly skilled Laboratory Operations staff to ensure the best quality service. The elite team of project managers",https://ichgcp.net/cro-list/country/usa/company/cambridge_biomedical
Catalent,catalent.com,USA,ichgcp,,1  877-587-1835,"Catalent Pharma Solutions 14 Schoolhouse Road Somerset, NJ 08873","Our name combines these ideas. As the world’s #1 drug development, delivery and supply partner with over 80 years of experience, we are the catalyst for your success. We have helped thousands of innovators by optimizing and manufacturing thousands of pharmaceutical, biologic, consumer health and beauty products utilizing our superior and innovative drug delivery technologies to improve their value to patients and consumers. And Catalent’s “Patient First” culture puts patients at the center of our work to ensure the safety, reliable supply and optimal performance of our products. Catalent is a vibrant growing community of 10,000+ global employees with the passion to unlock the potential of your product. Founded in 2007 as Catalent, our legacy of drug development goes much deeper, incorporating the inventions and innovations which have transformed the pharmaceutical industry.  On July 30, 2014 Catalent announced its initial public offering and became a publicly traded on the New York Sto",https://ichgcp.net/cro-list/country/usa/company/catalent
CCS Associates,ccsainc.com,USA,ichgcp,,703-752-0448,es,"CCS Associates, Inc (CCSA) is a woman-owned, small business providing leading-edge scientific advisory services in pharmaceutical and device discovery and development to government agencies as well as the pharmaceutical and biotech industries. 30 years of corporate and client success Begun by Dr. Caroline C. Sigman in 1985, CCSA is a scientific research consulting firm specializing in technical and support services for clinical research, design strategies for preclinical studies, chemical information sciences, and research and development support for translational science. We have been instrumental in bioinformatics, developing master databases of chemical information, and working with government and private industry clients to harness nonclinical and clinical data in support of pharmaceutical development.The professional staff of CCSA includes PhD-, MD-, MS-, MA-, BS-, and BA-level scientists with academic backgrounds and professional certifications in clinical research, pediatrics, o",https://ichgcp.net/cro-list/country/usa/company/ccs_associates
Certus International,certusintl.com,USA,ichgcp,,636-519-1699,es,"Certus' mission is to provide outstanding quality and high value clinical trial management, monitoring, data management, regulatory, biostatistical, writing and imaging core lab services within the pharmaceutical, medical device, imaging (MRI, CT, X-ray, PET, Ultrasound) , PET Biomarkers, nutraceuticals and related industries; and to be flexible and responsive in meeting our clients' needs; and produce measurable results. Certus' vision is to center our unified contract research organization and imaging core lab via a strong, positive presence in research that impacts the world’s communities. By being open and responsive to change, we aim to provide high quality services to the industry, while promoting ethical values shared among employees, creating a sound, evolving organization, and producing results that meet or go above and beyond our customers’ expectations. List of CROs by location Europe North America Asia Africa South America Oceania Regulations",https://ichgcp.net/cro-list/country/usa/company/certus_international
Clindatrix,clindatrix.com,USA,ichgcp,brian.murphy@clindatrix.com,949.428.6600   949.428.6605,"1 Ada, Suite 250 Irvine, CA 92618","ClinDatrix, Inc. is a privately held, full-service CRO founded in 2002 to help drug and medical device innovators advance their therapeutic products toward regulatory approval. Over the past decade, ClinDatrix has grown to offer contract research expertise from preclinical development guidance through regulatory filings and post-marketing studies. We continue to work primarily with small to mid-sized companies, a subset of innovators we know and serve very well. We also are a reliable resource to large pharma and medical device companies seeking to outsource specialized tasks for timely completion. ClinDatrix is committed to providing world class, full service clinical research capabilities to the biotechnology, medical device and pharmaceutical industries. Partnering with our clients, we use a personalized approach to apply knowledge and experience to the goals of managing, monitoring, collecting, validating, analyzing, reporting and delivering quality clinical data with efficiency an",https://ichgcp.net/cro-list/country/usa/company/clindatrix
ClinFinity,clinfinitync.com,USA,ichgcp,,919.847.1250,"9650 Strickland Road Suite 103-107 Raleigh, NC 27615","Diverse Experience = A Stronger Partnership Our team has experience in every phase of Clinical Research projects. Our employees have worked at large Contract Research Organizations, Pharmaceutical companies and as independent contractors. Clinfinity was formed to incorporate the most efficient and robust processes from our past experiences into one company that offers a more cost effective product. We pride ourselves on our ability to understand our clients’ complex needs, communicate effectively, and respond quickly with efficient solutions. While our core team handles statistical programming and analysis, our cross-disciplinary partners assist with the clinical, data management, regulatory, and medical writing tasks.  Clinfinity’s project management team oversees the entire process, providing a smooth and seamless path to a high-quality deliverable. Clinfinity is dedicated to providing peace of mind and the personal attention necessary to meet your project goals.  Our people have the",https://ichgcp.net/cro-list/country/usa/company/clinfinity
Clinical Device Group (CDG),clinicaldevice.com,USA,ichgcp,cdginc@clinicaldevice.com,773-489-5706,"Chicago, 2128 W Evergreen Ave","We were founded in 1990, before the device industry knew it needed a consultant in clinical research, and we claim to be the oldest medical device CRO in the States. Today Clinical Device Group we offer consulting, contracting, and rich-content training firm focusing on medical device pre-approval issues. We are located on the near north side of Chicago, see map. If you visit us you can see the historic neighborhood of Wicker Park. Our business is modeled after that of any general contractor; the administrative staff are located in Chicago as full-time employees. The experts are contracted, independent professionals known as our Network Staff Associates and are located around the country and around the world, here's our brochure. The CVs and capabilities of our experts are listed on the home page. List of CROs by location Europe North America Asia Africa South America Oceania",https://ichgcp.net/cro-list/country/usa/company/clinical_device_group_cdg
"Clinical Research Consulting, Inc.",crc-regulatory.com,USA,ichgcp,,513.961.8200,"3308 Jefferson Avenue, Upper Level Cincinnati, Ohio 45220",Providing regulatory and clinical trial services to medical device companies internationally in accordance with FDA and ISO standards. List of CROs by location Europe North America Asia Africa South America Oceania Regulations Resources,https://ichgcp.net/cro-list/country/usa/company/clinical_research_consulting_inc
Clinical Research Management Group,clinicalresearchmgt.com,USA,ichgcp,,(413)  821-0022,"1408 Main Street Agawam, MA 01001","CRMG is a nimble clinical development services organization, focused on providing biotech and pharmaceutical companies with an assortment of capabilities tailored to support clinical development programs and studies from Phases I – IV. Our organization’s foundation was built on our formative experiences in biotech, which allows our clinical and medical professionals to understand what it’s like to sit on our client’s side of the table, and to use that experience and knowledge to help plan and execute your study in a highly collaborative environment. Our experienced teams have expertise across a wide array of therapeutic categories, with particular strategic focus in the following key areas: Diabetes and related metabolic and endocrine diseases Renal Oncology Hematology Analgesics Gastroenterology Flexibility in our service offering allows our clients to take advantage of CRMG’s capabilities to balance their business needs no matter what phase of development they are at. Whether it be c",https://ichgcp.net/cro-list/country/usa/company/clinical_research_management_group
Clinical Research Strategies LLC,clinicalresearchstrategies.com,USA,ichgcp,info@clinicalresearchstrategies.com,+1 724-272-1245,"6400 Brooktree Court Suite 240 Wexford, PA 15090","Clinical Research Strategies, LLC (CRS) is a US-owned and operated executive management consultancy and contract research organization (CRO) for the medtech, biotech and pharma industries, based in the Northern Pittsburgh, PA-area. CRS prepares start-up companies with the rigors of quality assurance, risk management, regulatory science, strategy, and submissions, and clinical operations necessary to pass through funding and regulatory gates. CRS has core competency in building custom quality management systems (QMS), developing product requirements, hazards analysis, and risk management files, preparing Regulatory Pathway Assessments (RPAs), writing FDA submission documentation such as Breakthrough Designation Requests, 510ks, Q-Submissions, Pre-IND or -IDE packages, and facilitating all submissions and coordinating Agency meetings. As a CRO, we conduct clinical trials such as validation, training sets, POC/EFS, pilot and pivotal, and RWE for regulatory decision-making. We are a qualif",https://ichgcp.net/cro-list/country/usa/company/clinical_research_strategies_llc
Clinilabs,clinilabs.com,USA,ichgcp,info@clinilabs.com,646)  215-6400,"Clinilabs, Inc. 423 W. 55th Street New York, NY 10019","We are a premier full-service CRO that provides clinical development services to pharmaceutical, biotechnology, and medical device companies. Our mission is to provide high quality, prompt, and cost-effective clinical drug development services to our clients in the interest of delivering new therapeutics to those in need. List of CROs by location Europe North America Asia Africa South America Oceania Regulations Resources",https://ichgcp.net/cro-list/country/usa/company/clinilabs
ClinSmart,clinsmart.com,USA,ichgcp,,(215)  710-3200,"32 Blacksmith Road Newtown, PA, 18940","Trial sponsors work with ClinSmart because we have a track record of success, and a team of individuals that value trust. We leverage our local presence to build strong trust and communication with biopharma teams in the region. Learn more about how this aligns with our company philosophy.Our work breeds excellence when it plays to our strengths. While we do many things well, we'd like to be known for the services that make us great.""Personal. Focused. Results."" isn't just a tagline, but our 3-key philosophy that guides our identity, and how we approach our work. List of CROs by location Europe North America Asia Africa South America Oceania Regulations Resources",https://ichgcp.net/cro-list/country/usa/company/clinsmart
Clinstat Consulting,clinstatconsulting.com,USA,ichgcp,info@clinstatconsulting.com,(760)  207-5260,"ClinStat Consulting LLC 2492 Manchester Avenue Cardiff by the Sea, CA 92007","Clinstat Consulting was founded in 1999 by Patricia Hamilton, RN, MS._x000D_ Patricia is a clinical expert with over 25 years experience. She is a Registered Nurse and holds a Master's Degree in Business Management. She has had extensive senior level technical and management experience delivering clinical research plans and studies on time and within budget for Fortune 500 global corporations as well as for small companies and start-ups. She has set up and managed clinical departments from the ground level and has hands on experience in all phases of developing a clinical/regulatory strategy, securing investigators, site selection, protocol development, site monitoring, generation of final reports and writing FDA submissions. Patricia and her staff are well suited to guide start-up companies or assist established firms with any or all your clinical needs. List of CROs by location Europe North America Asia Africa South America Oceania Regulations",https://ichgcp.net/cro-list/country/usa/company/clinstat_consulting
Commonwealth Biotechnologies,cbi-biotech.com,USA,ichgcp,info@cbi-biotech.com,(800-735-9224)  (804)  648-3820,"601 Biotech Drive Richmond, VA 23235","Commonwealth Biotechnologies, Inc., was founded in 1992 to provide sophisticated research and development support services on a fee-for-service basis to the global biotechnology and pharmaceutical industry. Since 2004, CBI has pursued a strategy of acquiring or merging with complementary companies that extend its drug discovery capabilities and earnings potential. List of CROs by location Europe North America Asia Africa South America Oceania Regulations Resources",https://ichgcp.net/cro-list/country/usa/company/commonwealth_biotechnologies
"Comparative Biosciences, Inc",compbio.com,USA,ichgcp,,408.738.9260,"786 Lucerne Dr., Sunnyvale, CA, 94085","Comparative Biosciences was founded in 1996 to provide expert scientific resources and quality service to all sectors of the biomedical and biopharmaceutical community. We offer extensive experience in GLP and non-GLP preclinical toxicology, efficacy, pharmacology, pharmacokinetics-pharmacodynamics, histopathology and safety studies on all laboratory species. Our particular areas of expertise include ocular, dermatology, fibrosis, otic/ototoxicity, wound healing, burns, stem cells, oncology, renal, ophthalmology, inflammation, immune-mediated models, cardiovascular and pulmonary studies, and infection models and devices, as well as contract histopathology, immunohistochemistry and custom model development. CBI is the industry leader in conducting difficult and unique IND-enabling research studies including those involving stem cells, stem cell and device combinations, delivery systems, diabetes and cancer therapies. We have a fully staffed, state-of-the-art, AAALAC-accredited facility ",https://ichgcp.net/cro-list/country/usa/company/comparative_biosciences_inc
Concentrics Research,concentricsresearch.com,USA,ichgcp,julie.aker@concentricsresearch.com,800.800.5525,"Concentrics Research 9335 Delegates Row Indianapolis, IN 46240","For nearly 30 years, Concentrics Research has been a leader in the conduct of Rx-to-OTC Switch and late-stage (Phase II-IV) research for the pharmaceutical, biotechnology, medical device, nutritional, and consumer healthcare product industries. In 1985, Concentrics Research was born from Walker Research, a global marketing research firm located in Indianapolis, Indiana. Over time, with a number of pharmaceutical companies, excellent relationships developed. The result was the creation and development of novel and customized clinical research services by our Clinical Division. Our heritage in healthcare marketing research has led to a focus on efficiency and commercialization. indyIn December of 2002, Concentrics was purchased by the Management Team and Bindley Capital Partners, LLC, an exceptional private equity firm located in Indianapolis (www.bindley.com).  Bindley Capital Partners was formed by the sale of Bindley Western Industries to Cardinal Health in 2001. Founded in 1968, Bind",https://ichgcp.net/cro-list/country/usa/company/concentrics_research
CPC Clinical Research,cpcmed.org,USA,ichgcp,,(303)  860-9900,"13199 E Montview Blvd Suite 200, Aurora, CO 80045","CPC works with hundreds of key opinion leaders both locally and around the world who function in a variety of roles including chairing and/or membership in Executive, Steering, Data Monitoring, Event Adjudication, and Entry Criteria Adjudication Committees. CPC's Core faculty is also involved in all aspects of clinical trial operations.As an academically-led CRO, we take transparency, conflict of interest, and scientific integrity very seriously. Consequently, salary and bonuses for all CPC employees, including faculty, are not determined or influenced in any way by the current or future business opportunities that employees may present to CPC. Furthermore, all payments for CPC services are made to CPC and not to any faculty member individually. List of CROs by location Europe North America Asia Africa South America Oceania Regulations Resources",https://ichgcp.net/cro-list/country/usa/company/cpc_clinical_research
CRO Group,crogroup.com,USA,ichgcp,info@crogroup.com,1  781-665-9893,"32 Harrison St, Melrose, MA 02176","The CRO Group is a leading global consulting organization and service provider. We specialize in providing consulting services for Medical Device, In-Vitro Diagnostic, Over The Counter (OTC), Digital Health, Software as a Medical Device (SaMD), and Wearable product companies seeking FDA Approval/de Novo/Clearance, CE Marking, Clinical Studies, ISO 13485:2016, MDSAP, ISO 14971, IEC 62304, as well as other Clinical, Quality, and Regulatory services. We are also registered with FDA as an U.S. Agent. We value our clients’ business and provide worldwide services. List of CROs by location Europe North America Asia Africa South America Oceania Regulations",https://ichgcp.net/cro-list/country/usa/company/cro_group
Cu-Tech,cu-tech.com,USA,ichgcp,info@cu-tech.com,973.331.1620,"333 US Highway 46 West Mountain Lakes, NJ 07046","Cu-Tech, a full-service contract clinical research organization (CRO), is uniquely specialized in the development of products related to dermatologic disease, and skin care. We are pleased to offer our clients over a decade of experience in providing superior clinical research service to the pharmaceutical industry. List of CROs by location Europe North America Asia Africa South America Oceania Regulations Resources",https://ichgcp.net/cro-list/country/usa/company/cu_tech
Dava Oncology,davaoncology.com,USA,ichgcp,,214-451-4500,"5420 LBJ Freeway Suite 410, Dallas, TX 75240",DAVA Oncology is a strategic consulting company which offers numerous products and services customized to fit biopharmaceutical drug development needs. List of CROs by location Europe North America Asia Africa South America Oceania Regulations Resources,https://ichgcp.net/cro-list/country/usa/company/dava_oncology
"Davinci Biomedical Research Products, Inc.",davincibiomed.com,USA,ichgcp,jvillani@davincibiomed.com,978-368-3477,es,"Davinci is a contract research organization specializing in preclinical animal studies. Our services include GLP and non-GLP materials testing (for acute or chronic timelines), procedure and model development, and preinstrumentation of models. Our clients, which include large corporations, government agencies, start-up companies, and academic institutions, depend upon DaVINCI for their research needs. Through the integration of new technologies, cutting edge techniques, and superior surgical skill, our innovative staff delivers results of the highest quality. Our priority is to provide our clients with the best opportunity for success. List of CROs by location Europe North America Asia Africa South America Oceania Regulations Resources",https://ichgcp.net/cro-list/country/usa/company/davinci_biomedical_research_products_inc
DaVita Clinical Research,davitaclinicalresearch.com,USA,ichgcp,,888-345-2567,"825 South 8th Street, Suite 300, Minneapolis, MN 55404","We are a renal research site network with a  spectrum of services for clinical drug research and device development. For 30 years we have helped 500+ clients with their development projects. From centralized research services in an integrated, coordinated care delivery model with primary care and multispecialty physicians, we can help plan and execute your next trial. List of CROs by location Europe North America Asia Africa South America Oceania Regulations Resources",https://ichgcp.net/cro-list/country/usa/company/davita_clinical_research
DP Clinical,dpclinical.com,USA,ichgcp,dpinfo@dpclinical.com,(301)  294-6226,"9201 Corporate Boulevard, Suite 350, Rockville, MD  20850","DP Clinical, Inc. is a privately held Contract Research Organization (CRO) specializing in neurology/CNS (including spinal cord injury), oncology, ophthalmology, infectious disease/vaccines, and rare disease Phase I-IV clinical programs. DP Clinical provides a full complement of clinical trial services to pharmaceutical, biotech, and medical device companies including trial management, monitoring, data management, biostatistics, regulatory, safety monitoring and reporting, and medical writing. Since 1994, we have worked for clients of all sizes — small to large pharmaceutical and biotech companies, academic research institutions, and government sponsors. List of CROs by location Europe North America Asia Africa South America Oceania Regulations Resources",https://ichgcp.net/cro-list/country/usa/company/dp_clinical
DSP Clinical Research,dspclinical.com,USA,ichgcp,,973-265-1060,"50 Fairfield Road, Fairfield, NJ 07004","DSP Clinical Research is a specialty Contract Research Organization (CRO) dedicated to the management and execution of Phase I – IV clinical studies. We drive top-tier success for small to mid-size pharmaceutical, medical device, and biotechnology companies through award-winning experience, passionate leadership, and operational excellence. We championed a fixed-fee pricing model that irons out all the expenditures, adjustments, and “hidden” costs ahead of time. List of CROs by location Europe North America Asia Africa South America Oceania Regulations Resources",https://ichgcp.net/cro-list/country/usa/company/dsp_clinical_research
Edinger Medical Group and Research Center,edingermedicalgroup.com,USA,ichgcp,,714-965-2500,"9900 Talbert Ave. Fountain Valley, CA 92708","Edinger Medical Group is committed to providing exceptional healthcare to patients throughout Orange County. With offices in Huntington Beach and Fountain Valley, Edinger physicians specialize in Internal Medicine, Family Medicine, and Pediatrics. Caring for patients for more than 50 years, Edinger Medical Group is consistently recognized for its outstanding patient care and patient satisfaction in the community and statewide. List of CROs by location Europe North America Asia Africa South America Oceania Regulations Resources",https://ichgcp.net/cro-list/country/usa/company/edinger_medical_group_and_research_center
Egeen International,egeeninc.com,USA,ichgcp,info@egeeninc.com,,"1949 Landings Dr, Mountain View, CA 94043","EGeen International, Inc. is a global, specialized, rapid-response Contract Research Organization (CRO). Our business is to advance the drug development of biotech and pharmaceutical companies by offering fast, high quality and cost-effective clinical trial management services. EGeen is headquartered in Silicon Valley (Milpitas, CA), with additional management offices in Maryland and London, England. EGeen manages and maintains an extensive Eastern European Clinical Operations Network for clinical trials operation and management. EGeen specializes in clinical trials of biologics, therapeutic vaccines, drug/device combinations and various formulations of small molecule drugs. Our operational specialty areas are neurology, cardiology, oncology, psychology, urology and gastroenterology. EGeen places particular emphasis on clinical trial rescue enrollment through rapid patient access and quicker, more personalized rapid response trial execution. Through its Eastern European offices, which ",https://ichgcp.net/cro-list/country/usa/company/egeen_international
Emerson Resources,emersonresources.com,USA,ichgcp,,(610)  279-7450,"Emerson Resources, 600 Markley Street, Norristown, PA 19401","Delivering formulation development solutions, CGMP manufacturing, and comprehensive analytical services to efficiently navigate the drug development process. List of CROs by location Europe North America Asia Africa South America Oceania Regulations Resources",https://ichgcp.net/cro-list/country/usa/company/emerson_resources
Emissary,emissary.com,USA,ichgcp,,512-918-1992,"6034 West Courtyard Drive, Suite 150, Austin, TX 78730","Emissary International has been navigating the clinical trials process for over a decade, earning itself a second-to-none reputation with clients in the medical device, pharmaceutical, biotechnology and contract research organization (CRO) industries. In the complicated waters of clinical research, successful companies are guided by the foresight and expertise of an experienced partner. Since 1995, Emissary has been leading rigorous, detail-focused clinical research studies across a broad range of therapeutic areas, helping clients bring dozens of new medical products to market quickly and efficiently.Конец формы List of CROs by location Europe North America Asia Africa South America Oceania Regulations Resources",https://ichgcp.net/cro-list/country/usa/company/emissary
Excel Lifesciences,excellifesciences.com,USA,ichgcp,,1-773-251-2976,es,"Excel Life Sciences (ELS) is a US-based, India-focused provider of comprehensive clinical trial management services. ELS is built around passionate and experienced individuals working alongside our clients to accelerate clinical research and delivery of new drugs and medical devices to the markets, while maintaining high standards of quality. We are also committed to improving and expanding the clinical research enterprise, evident through our presentations at industry conferences, publishing in industry trade magazines and journals and through visiting professorship at academic institutions. List of CROs by location Europe North America Asia Africa South America Oceania Regulations Resources",https://ichgcp.net/cro-list/country/usa/company/excel_lifesciences
Fast-Track Drugs and Biologics,fasttrackresearch.com,USA,ichgcp,,301.762.5787,"Fast-Track Drugs & Biologics, LLC, 5 Paramus Court, 5 Paramus Court","Fast-Track Drugs and Biologics, LLC is a contract research organization (CRO) providing strategic planning, clinical trial and regulatory support services to the pharmaceutical and biotech industries for the development and licensure of vaccines and therapeutics for human diseases. List of CROs by location Europe North America Asia Africa South America Oceania Regulations Resources",https://ichgcp.net/cro-list/country/usa/company/fast_track_drugs_and_biologics
FEFA,fefainc.com,USA,ichgcp,info@fefallc.com,301.998.6584,"101 Lakeforest Blvd., Suite 406, Gaithersburg, MD 20877",FEFA is an ISO 9001:2015 Certified Corporation. We have established a process for meeting and exceeding the expectations and requirements of our clients. We also have a program to evaluate the quality of the services we provide. This enables FEFA to ensure that we are meeting all contractual obligations. List of CROs by location Europe North America Asia Africa South America Oceania Regulations Resources,https://ichgcp.net/cro-list/country/usa/company/fefa
Grayline Research,graylinecdt.com,USA,ichgcp,info@graylinecdt.com,940-322-1131,"3300 Seymour Hwy.Wichita Falls, TX 76309","Today, Grayline is recognized as a premiere clinical trial research facility. The company and its staff bring to each clinical trial a formidable body of experience and expertise. That collective experience covers a wide range of research designs, targeted illnesses, patient populations, and recruitment strategies. List of CROs by location Europe North America Asia Africa South America Oceania Regulations Resources",https://ichgcp.net/cro-list/country/usa/company/grayline_research
Gulf Coast Research Associates,gccresearchassociates.com,USA,ichgcp,,239-254-1007,"1213 Piper Blvd.  Suite 102 Naples, FL 34110","Our physicians and staff bring more than 40 years cumulative clinical research experience to our Naples, Florida facility. Our facility is under the directorship of a principal investigator with over 28 years of clinical research experience, most of which while in his tenure as university professor.  During the last seven years of his tenure, he was Chief of Nephrology and Hypertension at the University of Florida at Jacksonville. List of CROs by location Europe North America Asia Africa South America Oceania Regulations Resources",https://ichgcp.net/cro-list/country/usa/company/gulf_coast_research_associates
Health Decisions,healthdec.com,USA,ichgcp,,+1.919.967.1111,"2510 Meridian Pkwy Durham, NC 27713-2260, USA","Health Decisions is a full-service CRO specializing in clinical studies of therapeutics for women’s health indications and studies of diagnostics for all therapeutic areas. Health Decisions has focused on women’s health since its inception more than 29 years ago, conducting more than 140 trials in women-only indications such as contraception and postmenopausal vasomotor symptoms. More than a decade ago, Health Decisions expanded into diagnostics studies with a large PMA study of a screening test for high-risk HPV types – the precursors of cervical cancer. Building on the success of the HPV study, Health Decisions has conducted successful diagnostics studies in a variety of other indications in women’s health and beyond, including diagnostics for risk of preterm birth, STIs, a variety of respiratory indications and oncology indications such as colorectal cancer and urothelial carcinoma. Health Decisions has provided services enabling many developers of both women’s health products and d",https://ichgcp.net/cro-list/country/usa/company/health_decisions
Helix3 Inc,helix3inc.com,USA,ichgcp,info@helix3inc.com,+1  919-462-8105,,"The Helix3 team has been consistently working together since 1994 developing new methods and conducting GLP studies for regulatory submissions.  We are committed to providing innovative solutions with an unmatched focus on quality, flexibility and attention to detail. List of CROs by location Europe North America Asia Africa South America Oceania Regulations Resources",https://ichgcp.net/cro-list/country/usa/company/helix3_inc
Hill Top Research,hill-top.com,USA,ichgcp,info@hill-top.com,(727)  344-7602,"4711 34th ST North St. Petersburg, FL 33714","Founded in 1947, Hill Top Research is one of the world’s leading clinical research services companies with centers in the United States and Canada. Hill Top Research provides clinical trial services in Dermatology Rx and efficacy/safety studies for the personal healthcare industry. List of CROs by location Europe North America Asia Africa South America Oceania Regulations Resources",https://ichgcp.net/cro-list/country/usa/company/hill_top_research
HIMSS Southern California Chapter,socal.himsschapter.org,USA,ichgcp,socal.info@himsschapter.org,(312) 664-HIMSS (664-4467),"Headquarters HIMSS: 33 West Monroe Street, Suite 1700 Chicago, IL 60603-5616",,https://ichgcp.net/cro-list/country/usa/company/himss_southern_california_chapter
Hurley Consulting,hurleyconsulting.com,USA,ichgcp,solutions@hurleyconsulting.com,(908)  273-8490,"25 De Forest Avenue Summit, NJ 07901","Hurley Consulting Associates Ltd. is an international consulting company serving the health sciences industry since 1987.  With unique expertise to prepare datasets, reports, global regulatory submission documents and dossiers, Hurley Consulting integrates nonclinical, clinical, and manufacturing and control evaluations, performs data analyses and develops and implements regulatory strategies List of CROs by location Europe North America Asia Africa South America Oceania Regulations Resources",https://ichgcp.net/cro-list/country/usa/company/hurley_consulting
Hyperion Biotechnology,hyperionbiotechnology.com,USA,ichgcp,info@hyperionbiotechnology.com,(210)  493-7452,"12002 Warfield, Suite 101 San Antonio, TX 78216",Hyperion provides diverse services from in-house research and laboratory capabilities to program management and administrative support for government customers List of CROs by location Europe North America Asia Africa South America Oceania Regulations Resources,https://ichgcp.net/cro-list/country/usa/company/hyperion_biotechnology
ICTS,icts.us,USA,ichgcp,gregg.sweet@icts.us,(919)  388-3966,"6300 Creedmoor Rd Suite 170-352 Raleigh, NC 27612",ICTS is a clinical trials support company that specializes in achieving superior results in research studies by building and maintaining stronger connections throughout the entire clinical trial process. Our innovative and customized communication models provide the foundation for higher quality data and results. List of CROs by location Europe North America Asia Africa South America Oceania Regulations Resources,https://ichgcp.net/cro-list/country/usa/company/icts
Innovative Clinical Concepts (ICC),iclinicalconcepts.com,USA,ichgcp,efjones@iclinicalconcepts.com,317-466-0002,"921 East 86th Street, Suite 103 Indianapolis, IN 46240","Innovative Clinical Concepts (ICC) is a woman/minority owned clinical trials Research Service organization that provides specialized services to study sponsors/CROs. Our primary focus is to work with physicians and clinical practices who serve minority, underrepresented, and women patient populations. Our management team has a combined experience base of more than 60 years in the pharmaceutical and medical industries. List of CROs by location Europe North America Asia Africa South America Oceania Regulations Resources",https://ichgcp.net/cro-list/country/usa/company/innovative_clinical_concepts_icc
Insearch,insearchgroup.net,USA,ichgcp,vnapoli@insearchgroup.net,(727)  544-4842,"501 S. Boulevard, Tampa, FL 33606","Insearch was incorporated in 2008 as a clinical business development company. Owned and operated by long-term industry experts, it is our mission to bring clinical expertise to our client sites while nurturing relationships with our Pharma and CRO partners. List of CROs by location Europe North America Asia Africa South America Oceania Regulations Resources",https://ichgcp.net/cro-list/country/usa/company/insearch
Integrated Clinical Research,texasicresearch.com,USA,ichgcp,,325-690-4414,"5441 Health Center Dr. Abilene, Texas 79606","Integrated Clinical Research is committed to provide comprehensive care with the most advanced technologies and services. The center conducts Phase I through IV pharmaceutical and medical device research. Founded in 2004, Integrated Clinical Research has participated in over 30 studies focused on retina and vitreous conditions including Adult Macular Degeneration, Retina Vein Occlusions, Macular Edema, and Uveitis. Clinical trials may include the study of pharmaceutical agents (medicine) or surgical procedures designated for specific disease management. List of CROs by location Europe North America Asia Africa South America Oceania Regulations Resources",https://ichgcp.net/cro-list/country/usa/company/integrated_clinical_research
Integrium,integrium.com,USA,ichgcp,info@integrium.com,+1  (714)  541-5591,es,"Founded in 1998 by visionary clinical research thought leaders, Integrium is a full-service Clinical Proof of Concept (PoC) firm that specializes in a wide range of therapeutic areas including cardiovascular, metabolic disease and dermatology research. List of CROs by location Europe North America Asia Africa South America Oceania Regulations Resources",https://ichgcp.net/cro-list/country/usa/company/integrium
Intermountain Clinical Research (ICR),intermountainallergy.com,USA,ichgcp,,801-553-1900,es,Intermountain Allergy & Asthma has a long standing reputation of excellence in serving our Wasatch Front communities for well over 30 years. Our conveniently located offices in Draper and Ogden provide a wide range of Allergy and Immunology services provided by American Board of Allergy and Immunology certified physicians specializing in allergy and asthma care. List of CROs by location Europe North America Asia Africa South America Oceania Regulations Resources,https://ichgcp.net/cro-list/country/usa/company/intermountain_clinical_research_icr
International HealthCare LLC,ihcresearch.com,USA,ichgcp,,(203)  852-8900,"98 East Avenue | Norwalk, CT 06851","International HealthCare (IHC) is a full service contract research organization (CRO) and product development company providing clinical trials and regulatory services to the pharmaceutical, biotechnology, and medical device industries worldwide. List of CROs by location Europe North America Asia Africa South America Oceania Regulations Resources",https://ichgcp.net/cro-list/country/usa/company/international_healthcare_llc
Intrinsic Imaging LLC,intrinsicimaging.com,USA,ichgcp,Contact@IntrinsicImaging.com,1-978-634-2215,es,"As a full-service medical imaging core lab, we provide comprehensive services in support of Phase I-IV Clinical Trials and Class I, II, III Medical Device Trials. List of CROs by location Europe North America Asia Africa South America Oceania Regulations Resources",https://ichgcp.net/cro-list/country/usa/company/intrinsic_imaging_llc
JANIX,janix.com,USA,ichgcp,,949-251-98  Zero  Zero,"46 Trillium Pl  Aliso Viejo, CA 92656","Founded in 2004, JANIX is an efficient, metric based clinical research organization (CRO) with a global footprint of operations including North America, Europe, Israel, Africa and Asia Pacific List of CROs by location Europe North America Asia Africa South America Oceania Regulations Resources",https://ichgcp.net/cro-list/country/usa/company/janix
KCR,kcrcro.com,USA,ichgcp,info@kcrcro.com,,,Contract Research Organization List of CROs by location Europe North America Asia Africa South America Oceania Regulations Resources,https://ichgcp.net/cro-list/country/usa/company/kcr
Kriger Research Group International (KRC),krigerclinical.com,USA,ichgcp,info@kriger.com,(705)  571-4325,,"Kriger Research Group International provides clinical research services for pharmaceutical and biotechnology product development from phase II through phase IV for US, Canadian, European and multinational pharmaceutical companies. KRGI is your way to high quality design, conduct and analysis of clinical trials. List of CROs by location Europe North America Asia Africa South America Oceania Regulations Resources",https://ichgcp.net/cro-list/country/usa/company/kriger_research_group_international_krc
Labnetworx,drugdevelopment.labcorp.com,USA,ichgcp,,310 689 0640,"2440 S. Sepulveda Blvd.Suite 220Los Angeles, CA 90064 USA Other Labnetworx 's locations around the world","Labnetworx is a consulting company that operates at the interface of Healthcare, Life Sciences, Pharmaceuticals and Information Technology. We offer our customers solutions designed to meet the needs of today and tomorrow.... List of CROs by location Europe North America Asia Africa South America Oceania Regulations Resources",https://ichgcp.net/cro-list/country/usa/company/labnetworx
Lambda Therapeutic Research Limited,novumprs.com,USA,ichgcp,info@novumprs.com,+1-412-363-3300,es,"We, Lambda Therapeutic Research Limited are a leading global Clinical Research Organization (CRO) headquartered in Ahmedabad – India, with facilities and operations in Mehsana (India), Warsaw (Poland), London (UK), Pittsburgh (USA), Las Vegas (USA) and Fargo (USA). Over 1500 employees are working across the globe in these facilities. Lambda offers Full-spectrum clinical trial solutions empowered by more than 20 years of service to the biopharmaceutical and generic industry. At Lambda, our gamut of services under the clinical research domain are executed with comprehensive efforts, to deliver positive results. Led by a management team of highly qualified & experienced industry leaders, we apply innovative technologies, therapeutic expertise and a commitment to quality in order to help clients develop products safely, effectively and quickly. Delivering the best is accomplished by hiring the best. Employees are the pillars that hold up every quality promise that we make. That’s why, we a",https://ichgcp.net/cro-list/country/usa/company/lambda_therapeutic_research_limited
Libra Medical,libramed.com,USA,ichgcp,,763-477-5606,"8401 73rd Avenue, N Suite 63 Brooklyn Park, MN 55428","Libra Medical, Inc. was founded in January 2007 as a full Contract Research Organization (CRO) providing innovative solutions to the Regulatory Affairs, Clinical Research, and Quality Assurance functions within life science companies. Our clients include well-established global medical device companies as well as emerging medical device companies. We also provide services to companies in the Biotech and Pharmaceutical areas. Libra Medical provides customized program and technology solutions through our resident expertise in Regulatory Affairs, Quality Assurance, Clinical Data Management and Clinical Trial Management. List of CROs by location Europe North America Asia Africa South America Oceania Regulations Resources",https://ichgcp.net/cro-list/country/usa/company/libra_medical
Linical Accelovance,accelovance.com,USA,ichgcp,information@accelovance.com,240.238.4900,es,"Linical and Accelovance have merged to create a market-leading, midsized, global contract research organization (CRO) with a significant footprint across North America, Europe and Asia-Pacific. As the next step in the merger, Accelovance has incorporated Linical into its name and will operate as Linical Accelovance Group, which includes Linical Accelovance Americas, Europe, Romania and China. Linical is the ideal partner for drug developers looking to expand their program into new markets. Linical offers a personalized, hands-on service approach across a variety of therapeutic areas and in all phases of development. Linical Accelovance is an award winning, clinical development Contract Research Organization (CRO) focused on vaccine, oncology, dermatology, nutrition and women’s health (Phase I-IV programs). Providing global full CRO services to pharmaceutical companies, biotechs, CROs, and academic institutions; Linical Accelovance supports client needs by leveraging operational knowled",https://ichgcp.net/cro-list/country/usa/company/linical_accelovance
Lotus Clinical Research,lotuscr.com,USA,ichgcp,,(626)  LOTUS-CR,"100 W. California Blvd., Unit #25 Pasadena, CA 91105","Led by Chief Scientific Officer Dr. Neil Singla, Lotus Clinical Research has assisted in the delivery of hundreds of innovative solutions for patient care in pain management since 2001. Learn more about our mission, our team, and the impact our analgesic studies are having on healthcare. List of CROs by location Europe North America Asia Africa South America Oceania Regulations Resources",https://ichgcp.net/cro-list/country/usa/company/lotus_clinical_research
Maestro Clinical,strategikonpharma.com,USA,ichgcp,info@strategikonpharma.com,(+01)  415-446-9696,,"Clinical Maestro is a revolutionary platform of modular and integrated business applications. It enables all participants in clinical trials, Sponsor Companies and Service Providers, to plan studies, model and manage clinical contracts in an entirely novel way. Faster. More accurately. With less effort. List of CROs by location Europe North America Asia Africa South America Oceania Regulations Resources",https://ichgcp.net/cro-list/country/usa/company/maestro_clinical
Marin Biologic Laboratories,marinbio.com,USA,ichgcp,,415-883-8000,"378 Bel Marin Keys Blvd. Novato, CA 94949","Our scientists are trained in the fields of cell biology, molecular & micro biology, immunology, biochemistry, and often have multiple years of experience in a related field other than what was their degree research. The expertise gained throughout their career allows them to demonstrate creativity and innovation with your projects. However, we have no egos, and will perform your work with a specified method if so desired. We are your scientists and will provide you with data and information as if we were working in your own facility. Consider our laboratory as an extension of your own laboratory/facility. List of CROs by location Europe North America Asia Africa South America Oceania Regulations Resources",https://ichgcp.net/cro-list/country/usa/company/marin_biologic_laboratories
MCRA,mcra.com,USA,ichgcp,,202.552.5800,es,"MCRA is the leading industry-specialized, multi-service, employee-based, integrated business that assists clients in the entire technology life cycle, from research and development, through commercialization. Our team provides services to a wide range of organizations in the healthcare industry, including start-ups to the world's leading healthcare organizations, as well as all types of financial investors, global manufacturers, and individuals. List of CROs by location Europe North America Asia Africa South America Oceania Regulations Resources",https://ichgcp.net/cro-list/country/usa/company/mcra
Medelis,medelis.com,USA,ichgcp,info@medelis.com,(615)  297-6105,"30 Burton Hills Blvd, Suite 500 Nashville, TN 37215 U.S.",Medelis is a full service oncology clinical research company. We provide sponsors with a highly-skilled and proactive oncology clinical trial management team to design and manage phase I through phase III oncology trials in North America and Europe. List of CROs by location Europe North America Asia Africa South America Oceania Regulations Resources,https://ichgcp.net/cro-list/country/usa/company/medelis
MedSource,medsource.com,USA,ichgcp,,(281)  286-2003,"16902 El Camino Real, Suite 1A Houston, TX 77058 USA","MedSource provides support for complex clinical trials with expertise in complex therapeutic areas such as oncology, neurology, and rare diseases and complicated study designs from first- in- human dose escalation to adaptive designed registration studies. As a company that supports the most complex clinical trials, we know they aren’t called trials for nothing.  At MedSource, we know how to pivot to the demands of even the most challenging trial and how to support the needs of our biotech customers with flexibility and transparency throughout the study life cycle. List of CROs by location Europe North America Asia Africa South America Oceania Regulations Resources",https://ichgcp.net/cro-list/country/usa/company/medsource
MedTrials,medtrials.com,USA,ichgcp,,610-565-2704,es,"As a contract research organization, MedTrials serves as a provider of specialized clinical research services ranging from clinical trials consulting, project management and monitoring, data management, biostatistics and auditing to providing industry-specific training programs. Our services are tailored to meet specific project needs, globally, and we deliver our services with reliability, accountability and integrity. List of CROs by location Europe North America Asia Africa South America Oceania Regulations Resources",https://ichgcp.net/cro-list/country/usa/company/medtrials
MicroConstants,microconstants.com,USA,ichgcp,info@microconstants.com,+1  (858)  652-4600,"9050 Camino Santa Fe San Diego, CA 92121","MicroConstants Overview: We are a GLP-compliant Contract Research Organization focused on performing bioanalysis, drug metabolism, and pharmacokinetic analysis in support of new therapeutic development programs. We specialize in method development, validation, and sample analysis for small molecules and macromolecules using LC/MS/MS, HPLC/UV, and immunoassay techniques. List of CROs by location Europe North America Asia Africa South America Oceania Regulations Resources",https://ichgcp.net/cro-list/country/usa/company/microconstants
NCGS Labratories,ncgs.com,USA,ichgcp,info@ncgs.com,843.722.8330,"16 Charlotte Street Charleston, SC 29403","NCGS INCORPORATED, FOUNDED IN 1984, IS INTERNATIONAL, FULL-SERVICE CRO THAT SPECIALIZES IN CONDUCTING AND MANAGING CLINICAL TRIALS List of CROs by location Europe North America Asia Africa South America Oceania Regulations Resources",https://ichgcp.net/cro-list/country/usa/company/ncgs_labratories
North Carolina Clinical Research (NCCR),nccr.com,USA,ichgcp,info@nccr.com,919-881-0309,"North Carolina Clinical Research Twin Lakes Professional Center 2615 Lake Drive, Suite 301 Raleigh, NC 27607 USA","North Carolina Clinical Research (NCCR) is an independent, multi-therapeutic outpatient clinical research site located in Raleigh, North Carolina. NCCR has conducted Phase I, II, III and IV clinical trials in both children and adults since 1986. We have completed over 600 studies in a variety of therapeutic areas for many different pharmaceutical companies and Clinical Research Organizations (CROs). The NCCR facilities and staff are dedicated 100% to Clinical Research List of CROs by location Europe North America Asia Africa South America Oceania Regulations Resources",https://ichgcp.net/cro-list/country/usa/company/north_carolina_clinical_research_nccr
Northern California Research,northerncaliforniaresearch.com,USA,ichgcp,,916.484.0500,"3840 Watt Avenue, Building E Sacramento, CA 95821","Our practice philosophy is an extension of the philosophy of life that we share. We love our roles in research and development, as well as, the advancement of medicinal therapies. We have been blessed with a great staff and countless opportunities to be of service to our patients and to our community. Our focus is on spreading the word about our various volunteer opportunities in our clinical trials and research studies. We are reaching out to people who we hope will benefit from the possibilities that come with clinical trial participation. List of CROs by location Europe North America Asia Africa South America Oceania Regulations Resources",https://ichgcp.net/cro-list/country/usa/company/northern_california_research
Norwich Clinical Research Associates (NCRA),ncra.com,USA,ichgcp,ncra@ncra.com,+1-800-607-6272,"1221 East Side Road, Suite B Morris, NY 13808","Norwich Clinical Research Associates Ltd. (NCRA) has been providing quality clinical research services since 1994. Our primary product is the completion of clinical research projects accurately and cost effectively. NCRA offers competitively priced clinical research services to the pharmaceutical, medical device and nutraceutical industries. If you are seeking a Contract Research Organization (CRO) highly capable of forwarding your product development objectives, yet flexible enough to meet your changing needs, we believe we are the CRO you need. List of CROs by location Europe North America Asia Africa South America Oceania Regulations Resources",https://ichgcp.net/cro-list/country/usa/company/norwich_clinical_research_associates
Novatia,enovatia.com,USA,ichgcp,info@enovatia.com,267-385-8355,"54 Walker Lane Newtown, PA 18940","Novatia, LLC is contract research organization providing products and services based on years of industrial scientific experience with analytical methodologies and pharmaceutical development. List of CROs by location Europe North America Asia Africa South America Oceania Regulations Resources",https://ichgcp.net/cro-list/country/usa/company/novatia
Omnicare,omnicare.com,USA,ichgcp,results@omnicare.com,855-LET-OMNI  (538-6664) 888-325-7468,,"Count on us to handle the details, so you can focus on quality care. For post-acute or senior living residents who rely on your experienced staff to help manage their medications or do it themselves we offer cost-effective, best-in-class pharmacy services that are designed to support each unique member of your community. List of CROs by location Europe North America Asia Africa South America Oceania Regulations",https://ichgcp.net/cro-list/country/usa/company/omnicare
ONCOtherapeutics,oncotherapeutics.com,USA,ichgcp,info@oncotherapeutics.com,3106231200,"9201 W. Sunset Blvd., Ste. 317 West Hollywood, CA 90069","Oncotherapeutics offers a comprehensive service portfolio that supports preclinical studies and clinical trials from phase I to IV. We strive to provide high quality deliverables and our clients, from small start-up biotech (16-50 employees) to large biotechnology and pharmaceuticals (10,000+ employees), enjoy the benefits of our proactive, specialized approach. Our full suite of services include expert dedicated project teams, medical writing, data management, analysis and reporting as well as regulatory submissions. Nationally recognized research oncologists and Key Opinion Leaders in the oncology field work in parallel with our senior level clinical research teams. We have an excellent track record of short start-up times and adherence to enrollment and completion timelines. Our history of client satisfaction and success is the best testimony of our commitment to our clients. List of CROs by location Europe North America Asia Africa South America Oceania",https://ichgcp.net/cro-list/country/usa/company/oncotherapeutics
Ora Clinical,oraclinical.com,USA,ichgcp,,978  685-8900,"Ora, Inc. 300 Brickstone Square Andover, Massachusetts 01810 United States of America","Ora is the world’s leading full-service ophthalmology CRO and product development firm with offices in the United States, the United Kingdom and Japan. Over the past 40 years, we helped our clients obtain 46 approved and marketed products. We support a wide array of organizations, from start-ups to global pharmaceutical and device companies, to efficiently bring new products from concept to market. Ora’s long standing focus in ophthalmology is unique and so is our passion for innovation. This dedication to science has helped us refine and improve the efficiency of research with proven pre-clinical and clinical models, powerful technology-based methods and regulatory strategies across thousands of projects. List of CROs by location Europe North America Asia Africa South America Oceania Regulations Resources",https://ichgcp.net/cro-list/country/usa/company/ora_clinical
Orbis Data Solutions,orbisdata.com,USA,ichgcp,inform@orbisdata.com,781-569-0609,"300 Unicorn Park Drive 2nd Floor Woburn, MA 01801","Orbis Data Solutions, a specialized clinical consulting and contract staffing firm, provides Clinical Data Management and Biometric expertise to pharmaceutical, biotechnology and medical device companies nationwide. Orbis Data leverages its Biometrics and Clinical Operations expertise to provide flexible, client driven solutions which help mitigate risk and increase the probability of each clinical trial’s success. At Orbis Data Solutions we are engaged in Biometrics and Clinical Data Management all day, every day, which has facilitated our emergence as marketplace experts with candidates and clients alike. It is this commitment that enables us to understand the nature of a client engagement up-front and tailor the most effective and timely solution. Our specialized focus also empowers us to recognize projects that provide the right balance of stimulating experience and career advancement for our consultants. By identifying and representing top industry talent, Orbis Data Solutions hel",https://ichgcp.net/cro-list/country/usa/company/orbis_data_solutions
Outcome,outcomehealth.com,USA,ichgcp,,800  491-6972,es,"Outcome Health is a healthcare innovation company reinventing the point of care to facilitate better outcomes for patients, their loved ones, and healthcare professionals. Through partnerships with nonprofit organizations, health advocacy groups, leading content creators and brand sponsors, Outcome Health makes critical moments more impactful by bringing educational content into the physician’s office. Our BPA-certified digital network spans waiting, exam and infusion rooms across the country, serving relevant content when it’s most needed. List of CROs by location Europe North America Asia Africa South America Oceania Regulations Resources",https://ichgcp.net/cro-list/country/usa/company/outcome
Pacific BioLabs,pacificbiolabs.com,USA,ichgcp,,5109649000,"551 Linus Pauling Drive Hercules, CA 94547","In 1972 Mart Spalding Sr. founded Northview Biosciences.  Pacific BioLabs was founded in 1982 as Northview Pacific Labs (NVP), the West Coast division of Northview Biosciences, Inc. CRO Supporting the Growth of Biotech NVP was opened to help Northview better meet the needs of the fledgling biotech industry, to serve Northview’s California clientele, and to offer animal science services for Northview’s national and international clients. NVP operated for 18 years in its original facility in Berkeley, CA. In 2000, the company moved their operations to a new purpose-built facility in Hercules, CA. In 2006, the Northbrook, IL and Spartanburg, SC facilities of Northview Biosciences were sold to SGS. Northview Pacific was spun out as an independent entity and renamed Pacific BioLabs, retaining the same family ownership as when it was Northview Pacific Labs. To further expand its capabilities and better serve the pharma, biotech, and medical device sectors, Pacific BioLabs purchased Bay Bioan",https://ichgcp.net/cro-list/country/usa/company/pacific_biolabs
Pacific Biomarkers,pacbio.com,USA,ichgcp,contact@pacbio.com,2062980068,"645 Elliott Ave W, Suite 300 Seattle, WA 98119","Pacific Biomarkers is a biomarker testing services provider, supporting pharmaceutical, biotech and in-vitro diagnostic (IVD) manufacturing companies through preclinical and Phase I-IV studies of drug and IVD development. Pacific Biomarkers has an established reputation for expertise, flexibility, protocol consultation, and outstanding client services that has propelled the company to a prominent position in the rapidly growing pharmaceutical outsourcing industry. With over 300 fully CLIA validated assays and an extensive network of scientific, regulatory, and technology expertise, Pacific Biomarkers is the service provider of choice for many leading international drug manufacturers in the race to bring products to market as quickly and cost effectively as possible. Pacific Biomarkers provides accurate, reliable analyses, and responsive service to sponsors and investigative sites. Pacific Biomarkers collaborates with sponsors to develop, validate, improve analytical methods, and provid",https://ichgcp.net/cro-list/country/usa/company/pacific_biomarkers
Pacific Bridge Medical,pacificbridgemedical.com,USA,ichgcp,ontact@pacificbridgemedical.com,(301)  469-3400,"7315 Wisconsin Avenue, Suite 400W Bethesda, MD 20814 USA","Pacific Bridge Medical has 30 years of experience with business development and regulatory affairs in the Asia markets. We focus only on Asia, and we know it well. Our consulting services can help at any stage of your business, with everything from distributor search, sourcing, and market research to regulatory strategy, product registration, and quality compliance in Asia. Pacific Bridge Medical specializes in projects that require developing unique and complex strategies. Read more about our company and how we can help you succeed in Asia. List of CROs by location Europe North America Asia Africa South America Oceania Regulations",https://ichgcp.net/cro-list/country/usa/company/pacific_bridge_medical
Palm Beach CRO,palmbeachcro.com,USA,ichgcp,Info@PalmBeachCRO.com,561-200-3344,"400 Columbia Drive Suite 111 West Palm Beach, FL 33409","Palm Beach CRO is a full-service boutique Clinical Research Organization (CRO) that is devoted to small to mid- size pharmaceutical, biologics, generics, vaccines, medical food and consumer healthcare companies with broad range of clinical research services in support of Phase I-III drug and device development. We understand the concerns that a smaller company may have while working with massive global organizations. As a Boutique CRO, we provide hands-on versatility and flexibility, while adhering to the highest standards and providing quality service. At the same time, our smaller overhead allows for a leaner budget. Palm Beach CRO manages the entire clinical trial process. Our core strength is to provide quality clinical data within accurately developed timelines and budgets while focusing on respect, integrity, transparency and excellence. Our team of seasoned, accomplished professionals dedicate themselves to the management of the process, from inception to quality assurance post-",https://ichgcp.net/cro-list/country/usa/company/palm_beach_cro
Patient Recruiting Agency,tprausa.com,USA,ichgcp,,(512)  345-7788,"6207 Bee Caves Road, Suite 288 Austin, TX 78746","When you need to find qualified patients for clinical trials, it's easy to get lost in the process. Mapping out a direction and taking the right path is critical. That's why The Patient Recruiting Agency™ (TPRA) is here. We are metrics driven and our focus is on the development and deployment of targeted recruiting and retention strategies and tactics on a Global level. We specialize in the production and placement of customized, direct-to-patient outreach and technological solutions to support Sponsors, CROs, SMOs and Investigators. Since 1999, we've completed over 2,500 recruiting campaigns for more than 150 different indications in multiple languages and countries. Think of TPRA like your very own patient recruiting and retention GPS. We'll navigate you through the bumpy and windy roads toward successful patient recruiting and retention. We will manage the entire journey in-house, which provides you with a single point of accountability, greater cost efficiencies, greater control of",https://ichgcp.net/cro-list/country/usa/company/patient_recruiting_agency
PaxMed,paxmed.com,USA,ichgcp,info@paxmed.com,1  (858)  792-1235,"12264 El Camino Real, Suite 400 San Diego, California 92130 USA In the United States","PaxMed International is a leader in regulatory affairs for the medical device industry. We work with medical device manufacturers of all sizes, providing the expertise required to rapidly bring to market emerging technical innovations. List of CROs by location Europe North America Asia Africa South America Oceania Regulations Resources",https://ichgcp.net/cro-list/country/usa/company/paxmed
Peachtree BioResearch Solutions,peachtreebrs.com,USA,ichgcp,,1  (678)-373-4660,"4985 Lower Roswell Rd​ Marietta, GA 30068","Peachtree BioResearch Solutions is a full-service Clinical Research Solutions Organization that specializes in providing clinical development services to biotechnology, pharmaceutical, and medical device companies – focusing on emerging to mid-sized companies. Entering our 11th year, Peachtree was formed to ensure that the level of attention received and the experience of the operational teams provided was not contingent on either the size of a company’s pipeline nor the dollar amount of the services needed.  In other words, we ensure every company we work with benefits from well-experienced project teams providing undivided attention to ensure both program and overall company success. ​Peachtree was founded on the basic principles of: ​Providing unique and scalable solutions for our clients – “solutions” – it’s in our name; Investing in our people – growing our organization with highly-experienced  clinical research personnel in our operations staff Minimizing turnover to ensure stabl",https://ichgcp.net/cro-list/country/usa/company/peachtree_bioresearch_solutions
PharmStats,pharmstats.com,USA,ichgcp,,,,"Founded in the US state of Delaware in 1997, PharmStats Ltd. is a professionally specialized Contract Research Organization (CRO) with rich experiences providing statistical and clinical support for clinical trials and pharmaceutical development packages. Its primary goal is to serve clients in the pharmaceutical industry with top brain-power to produce efficient, low cost, reliable, and high quality outcomes in clinical trial report preparation and to assist clients in successful product development. PharmStats always takes the client's interest as its top priority. During the past years, PharmStats has provided such services to a number of clients and has helped clients shortening time in later stages of such processes. PharmStats Ltd. has a cooperative group with rich reserves of knowledge and practical experiences in clinical trials, data management, statistics and clinical trial design, and registration experts. All our staffs are extensively industrial experienced with postgradua",https://ichgcp.net/cro-list/country/usa/company/pharmstats
Pinnacle Research Group,pinnacletrials.com,USA,ichgcp,,256-236-0055,"321 East 10th St. Anniston, AL 36207","Our mission is to conduct safe, ethical, and successful trials that exceed the expectations of participants and sponsors alike. Through our work, we seek to increase the wellbeing of others, bolster medical progress, and continue to be a good member and resource in our community. List of CROs by location Europe North America Asia Africa South America Oceania Regulations Resources",https://ichgcp.net/cro-list/country/usa/company/pinnacle_research_group
Praxis,gopraxis.com,USA,ichgcp,info@gopraxis.com,,"268 Main Street, Suite 400 Buffalo, NY 14202","Since opening our doors in 2002, our approach to patient recruitment is what has set us apart. A focus on providing a unique, customized program for each and every clinical trial we undertake – along with superior service delivered by a highly responsive, experienced team – has led directly to superior results for our clients time and again. And that means substantial ROI for the world’s leading pharmaceutical companies. List of CROs by location Europe North America Asia Africa South America Oceania Regulations Resources",https://ichgcp.net/cro-list/country/usa/company/praxis
Prelude Dynamics,preludedynamics.com,USA,ichgcp,info@preludedynamics.com,(512)  476–5100,"Prelude Dynamics, LLC 3906 Manchaca Road Austin, Texas 78704","Prelude Dynamics is a global provider of customized web-based Clinical Trial Management Solutions and Services. We offer unique, innovative research and clinical solutions to all areas of the pharma industry, world wide. List of CROs by location Europe North America Asia Africa South America Oceania Regulations Resources",https://ichgcp.net/cro-list/country/usa/company/prelude_dynamics
Promedica International,promedica-intl.com,USA,ichgcp,,7144607363,"3100 Bristol Street, Suite 250 Costa Mesa, CA 92626","With a track record of more than three decades working with industry leaders, mid-size and start–up companies, Promedica International (PMI) can support your clinical research projects with a wide range of specialized clinical study services, including: Clinical study design, management and monitoring for pre- and post-market studies Clinical data management and analysis services for pre- and post-market studies Medical writing Auditing and training for GCP Product development and Product commercialization Whether you contract Promedica for all or part of your project, you will work with a senior level team of research specialists who are experienced in project management, data management, and clinical services. Our project teams are carefully assembled to match your project requirements and organizational structure, and we form a partnership with you to conduct research that meets your specific goals and objectives. Our focus is to deliver professional quality work in an efficient man",https://ichgcp.net/cro-list/country/usa/company/promedica_international
PROMETRIKA,prometrika.com,USA,ichgcp,,6178682020,"100 CambridgePark Drive, 2nd Floor Cambridge, MA 02140","PROMETRIKA, LLC is a clinical research organization (CRO) supporting the biopharmaceutical and medical device industries since 2003. Based in Cambridge, Massachusetts, a biopharmaceutical hub, PROMETRIKA has provided more than a decade of experienced, professional support to local, national, and international clients. Our proximity to New England’s thriving biotechnology research environment has enabled us to establish strong, collaborative relationships with companies developing some of the most innovative and promising new therapies available. We offer full services in clinical operations, data management, biostatistics and programming, medical writing, pharmacovigilance, and regulatory submissions. List of CROs by location Europe North America Asia Africa South America Oceania Regulations Resources",https://ichgcp.net/cro-list/country/usa/company/prometrika
ProTrials,protrials.com,USA,ichgcp,Info@protrials.com,6508649180,"Corporate Headquarters 333 W San Carlos St., Suite 800 San Jose, CA 95110","Integrity. Quality. Excellence. Since our launch in 1996, we have been driven by a shared commitment to providing outstanding service in the world of clinical research. And to this day, that commitment remains our guiding principle. We opened our doors with a clear and simple vision: to provide sponsors highly experienced and dedicated clinical operations teams. Since the time of our launch, we have built a clinical operations team of talented and dedicated professionals, and have had the privilege to support meaningful research that has led to ground breaking treatments and solutions in the pharmaceutical, biotechnology and medical device industry. Having begun as a small team of two Bay Area clinical research professionals, our services now span the globe. Our highly-detailed, quality-driven team works across a wide range of therapeutic categories, advancing the field of clinical research. And by continually keeping our fingers on the pulse of technological advances, we are able to d",https://ichgcp.net/cro-list/country/usa/company/protrials
Providence Clinical Research,providenceclinical.com,USA,ichgcp,,747  477-5177,"6400 Laurel Canyon Blvd. Suite 300A North Hollywood, CA 91606","At Providence Clinical Research, patients volunteer in clinical trials and help to develop the medications of tomorrow. Our physicians carefully monitor our patients' health while they test these medications for drug manufacturers and the Food and Drug Administration (FDA). Patients who enroll in a clinical trial typically receive these experimental treatments and come in to our site for regular check-ups with our team of friendly doctors. The data recorded at these check-ups is then sent to the FDA, who may approve or reject the medicine for public release. List of CROs by location Europe North America Asia Africa South America Oceania Regulations",https://ichgcp.net/cro-list/country/usa/company/providence_clinical_research
QSI,parexel.com,USA,ichgcp,,17814879900,"195 West Street Waltham, MA 02451","Quantum Solutions India (QSI) is now part of the PAREXEL family of companies. The acquisition of QSI strengthens PAREXEL’s capabilities in outsourced safety management solutions, providing a more comprehensive, efficient, and economical solution to clients around the world.  Combined with the existing post-approval, commercial, technology and regulatory strengths of PAREXEL, QSI will support the expansion of our pharmacovigilance services onto a broader platform. List of CROs by location Europe North America Asia Africa South America Oceania Regulations Resources",https://ichgcp.net/cro-list/country/usa/company/qsi
Quantum Laboratories,quantumclinicalresearch.com,USA,ichgcp,,(954)  786-7331,es,"Pharmaceutical Studies PreviousNext Quantum Laboratories, Inc. is a Florida corporation dedicated to providing professional CNS clinical research services to the pharmaceutical industry and to patients that we serve. Quantum Pharmaceutical Research has over 28 years of experience conducting Phase I, II, III, and IV CNS clinical trials including neuropsychiatric, psychiatric, and other related indications in our two sites located at 2161 Palm Beach Lakes Blvd. Suite 215, West Palm Beach, Florida 33409 and at 201 East Sample Road, Deefield Beach, Florida 33064 in our office within the Broward Health North Memory Disorder Clinic. The program is directed by José E. de la Gándara, MD CPI, DLFAPA and Angela Pedraza, MD, DLFAPA. List of CROs by location Europe North America Asia Africa",https://ichgcp.net/cro-list/country/usa/company/quantum_laboratories
Quartesian,quartesian.com,USA,ichgcp,info@quartesian.com,16094543312,"3 Independence Way, Suite 106, Princeton, NJ 08540","Quartesian LLC was formed in January 2003 and is headquartered in Princeton, N.J. with the goal of providing world-class clinical development services to its clients. This goal is accomplished by adhering to the founding principles of excellence, integrity and value. List of CROs by location Europe North America Asia Africa South America Oceania Regulations Resources",https://ichgcp.net/cro-list/country/usa/company/quartesian
Quertle,quertle.com,USA,ichgcp,,8444424624  or  1  702-940-9897,"2505 Anthem Village Drive, Suite E-170, Henderson, NV 8905","A Passion for Bio-specific Artificial Intelligence (BioAI™) Understanding the biomedical literature and other text content is critical to the $5T healthcare industry. Traditional approaches are not able to deal with the volume of data and eliminate the noise. More bells and whistles on legacy technologies just can’t solve the problem. Even NLP, semantics, and “ordinary” AI have not delivered as expected. We have lived this pain, and in response created a comprehensive easy-to-use solution and are highly motivated to continue the revolution in relevant discovery and insight. List of CROs by location Europe North America Asia Africa South America Oceania",https://ichgcp.net/cro-list/country/usa/company/quertle
Quest Pharmaceutical Services,qps.com,USA,ichgcp,info@qps.com,15123502827,"Delaware Technology Park, 3 Innovation Way, Suite 240, Newark, DE 19711","QPS is working as a contract research organization (CRO) in close collaboration with a large international network of scientists, investigators and professionals. We are operating from strategically located sites throughout Europe, the United States, and Asia Pacific. In every location we focus on selecting the investigators who will be best for your study. List of CROs by location Europe North America Asia Africa South America Oceania Regulations Resources",https://ichgcp.net/cro-list/country/usa/company/quest_pharmaceutical_services
Quorom Review Inc.,quorumreview.com,USA,ichgcp,info@QuorumReview.com,(877)  472  9883  (206)  448  4082,"1501 Fourth Avenue Suite 800 Seattle, WA 98101","Quorum Review IRB, the first name in streamlined, service-centered independent ethics and regulatory review, assures the ethical integrity of clinical research. With our partners, we advance the frontiers of medical innovation while sustaining the rights, dignity, and safety of participants. The Quorum difference is One-Touch Collaboration™. Your research benefits from an outstanding service experience, a single point of contact, one study startup timeline, and a true single board review—which is why Quorum is the preferred central IRB. List of CROs by location Europe North America Asia Africa South America Oceania Regulations",https://ichgcp.net/cro-list/country/usa/company/quorom_review_inc
RCRI,rcri-inc.com,USA,ichgcp,info@rcri-inc.com,9527468080,"5353 Wayzata Boulevard Suite 505, Minneapolis MN 55416-1334 USA","There’s been roller coaster changes in the healthcare economy over just the past decade. RCRI has been there providing accurate, efficient, and complex  regulatory and clinical consulting services for decades. Our team continues transforming medical device product concepts into successful, revenue-generating businesses for clients worldwide. More than 600 companies – from entrepreneurial start-ups to Fortune 100 market leaders – have trusted the proven value of RCRI’s unique Integrated Approach to life science consulting and strategy development delivered by our knowledgeable and insightful experts. RCRI supports clients through all phases of product development, including: Regulatory and clinical strategy Study design and statistical analyses FDA/regulatory body negotiation Clinical study operations Health economics & reimbursement Quality systems Compliance From simple modifications of market-released products to novel combination products, RCRI’s deep expertise and proven Integrated",https://ichgcp.net/cro-list/country/usa/company/rcri
Research Assist,researchassistinc.com,USA,ichgcp,research@researchassistinc.com,9085262770,"1120 Route 22 East, Suite 103, 2nd Floor Bridgewater, NJ 08807","Research Assist, is a boutique contract research organization (CRO) providing exceptional clinical research services to industry (pharmaceutical, biotech, and device) clients since 2000. Our seasoned staff of professionals are experienced in the management of global clinical trials across multiple therapeutic areas. List of CROs by location Europe North America Asia Africa South America Oceania Regulations Resources",https://ichgcp.net/cro-list/country/usa/company/research_assist
Research Dynamics,resdyncg.com,USA,ichgcp,,585-381-1350  x  228,"Research Dynamics Consulting Group, Ltd. Bldg. 100 Suite 110 1250 Pittsford-Victor Road Pittsford, NY 14534","Research Dynamics was founded in 1993 by Lorraine D. Ellis, MS, MBA. We have been providing clinical research services and training to the industry for over 20 years. Our staff of clinical research professionals is dedicated to providing the best in clinical services at the highest value. We are proud to be a 100% woman owned business. We are currently in the process of obtaining our woman-owned business certification. We are also a member of the Women Presidents Organization. List of CROs by location Europe North America Asia Africa South America Oceania",https://ichgcp.net/cro-list/country/usa/company/research_dynamics
ResearchPoint Global,researchpointglobal.com,USA,ichgcp,info@researchpoint.com,(512)  343-1092,"Uplands Corporate Center 5301 Southwest Parkway, Suite 100 Austin, TX 78735","ResearchPoint Global is a full-service CRO with 15 global offices and clinical coverage in over 60 countries. Founded in 1999, ResearchPoint Global (RPG) is a worldwide clinical organization with more than 450 employees and coverage in over 60 countries. With expertise spanning all major therapeutic areas, RPG delivers the unique blend of an experienced team, combined with the creativity, responsiveness, and customer-focus of a highly nimble organization. The forward-thinking approach has allowed us to work on a variety of projects ranging from first-in-man compounds to marketed drugs and devices. It has also proven highly beneficial to our small and mid-size Sponsor companies, an area that we focus on serving. RPG specializes in local expertise from countries in Africa, Americas, Eastern and Western Europe and Israel. List of CROs by location Europe North America Asia Africa South America Oceania Regulations",https://ichgcp.net/cro-list/country/usa/company/researchpoint_global
Rho,rhoworld.com,USA,ichgcp,,919-408-8000,"6330 Quadrangle Drive, Chapel Hill, NC 27517","Clinical Research with Agility and Adaptability Rho is a full-service contract research organization optimally sized to deliver results from clinical research with agility and adaptability. Maximizing profitability, stability, and planned growth has helped provide us with the experience, capacities, and capabilities of a larger organization—all without losing touch with our entrepreneurial passion. From our headquarters in Chapel Hill, North Carolina, we employ more than 400 creative and critical thinkers. We provide excellent service to some of the nation’s leading pharmaceutical, biotechnology, and medical device companies as well as a number of federal agencies. Our experienced teams help our clients bring new products to the marketplace in a wide range of therapeutic areas. A company history built on a commitment to excellence Rho began in 1984 as the vision of two people—a nationally recognized biostatistician and the head of clinical data management for one of the most respected ",https://ichgcp.net/cro-list/country/usa/company/rho
Rxcel Partners,rxcelpartners.com,USA,ichgcp,,1  (267)  312-9444,"651 Nod Hill Road Wilton, CT 06897","Rxcel Partners is a consulting firm headquartered outside of New York City with consultants located in the Northeast, Southeast, Midwest and West, dedicated to providing the pharmaceutical, biotechnology, medical device and venture capital industries with strategic clinical outsourcing and product support. CRO We have hand-selected one best-in-class CRO for each geography – the CRO with the experience, reputation, leadership, systems and technology needed to provide exceptional services for your upcoming clinical trial needs. Through these exclusive partnerships, you are assured of experienced partners who provide proven quality, and cost effective solutions to the global biopharmaceutical industry. PRODUCT DEVELOPMENT / COMMERCIALIZATION SUPPORT Rxcel Partners understands what real product differentiation means and how to assess a product’s true opportunity for the best business decisions. We also understand knowing whether your strategy and messaging are resonating with customers can",https://ichgcp.net/cro-list/country/usa/company/rxcel_partners
Schiff & Company,schiffandcompany.com,USA,ichgcp,RSchiff13@aol.com,(973)  227-1830   ext  102,"1120 Bloomfield Avenue, Suite 103 West Caldwell, New Jersey 07006","Schiff & Company, Inc., founded in 1982, specializes in full services to the industries regulated by the United States Food and Drug Administration (FDA) and similar agencies in other countries. Services provided include the preparation of regulatory filings, the planning and conduct of clinical studies, and the evaluation of compliance with standards of Good Manufacturing Practice (GMP), Good Clinical Practices (GCP) and Good Laboratory Practices (GLP). Schiff & Company has extensive experience with drugs, biologics, medical devices, foods, dietary supplements, and cosmetics. Schiff & Company, Inc. provides regulatory consulting services to the pharmaceutical industry in both the United States and foreign countries. In 1990 the company moved to larger offices at 1129 Bloomfield Avenue in West Caldwell, New Jersey. At the beginning of 2013 the company moved to its present suite of offices at 1120 Bloomfield Avenue. The company has affiliates in many cities around the world including To",https://ichgcp.net/cro-list/country/usa/company/schiff_company
Scientist,scientist.com,USA,ichgcp,support@scientist.com,1  877  644  3044  X201,"505 Lomas Santa Fe Drive Suite 110 Solana Beach, CA 92075 USA","By enabling scientists to easily Outsource Everything But the GeniusTM, we are pioneering a faster, leaner and more innovation-centric approach to research. Our vision is to create a world in which scientists are limited only by their imagination. Our partners include large and small pharmaceutical and biotechnology companies, crop science companies, cosmetic companies, Contract Research Organizations (CROs), government research institutes, university core facilities, academic researchers and citizen scientists. List of CROs by location Europe North America Asia Africa South America Oceania Regulations",https://ichgcp.net/cro-list/country/usa/company/scientist
Sekisui XenoTech,xenotech.com,USA,ichgcp,info@xenotechllc.com,+1 913 438 7450,"1101 West Cambridge Circle Dr.Kansas City, KS 66103","SEKISUI XenoTech is a specialty global Contract Research Organization (CRO) specializing in ADME/DMPK/DDI testing of potential drug candidates. Utilized by top pharma companies, biotechs, and numerous other organizations, we provide the finest tools and resources to advance the development of effective, safe drugs. By helping our clients understand as much as possible about their drugs, they have the best chance of getting to clinical trials, and ultimately to the market where patients may benefit. As a premier provider of in vitro drug metabolism and drug-drug interaction studies to pharmaceutical companies worldwide, we have unparalleled experience in evaluating drug candidates as substrates, inhibitors, and inducers of drug-metabolizing enzymes and drug transporters. List of CROs by location Europe North America Asia Africa South America Oceania Regulations",https://ichgcp.net/cro-list/country/usa/company/sekisui_xenotech
Sequent Development,sequencedevelopment.com,USA,ichgcp,,(518)  720-7073,5 State Street Troy NY 12180,"Jeffrey Buell formed sequence Development in 2012 as a commercial real estate development firm pledging to take an atypical perspective to properties in the 21st century. Sequence approaches each project it undertakes with a focus not on the single building, but on that building’s place in the larger community. With a primary emphasis on historic rehabilitation of mixed-use residential buildings, Sequence understands the importance even small projects play in positive place making and its potential impact on larger economic development initiatives. Since its inception, the development company has enjoyed success by focusing on both the large and small. In Troy, New York, Sequence rehabilitated 22,000 square feet of vacant historic buildings on First Street, creating luxury apartments and new retail outlets including the uber-successful Slidin’ Dirty restaurant. Sequence also oversaw the stabilization and construction of several additional buildings in Troy’s Downtown, including: 207 Br",https://ichgcp.net/cro-list/country/usa/company/sequent_development
ShangPharma,spiivc.com,USA,ichgcp,info@spiivc.com,650-410-5000,"280 Utah Ave South San Francisco, CA 94080","Through our strategic investments and partnerships, ShangPharma Innovation is focused on filling the critical investment gap that exists for earliest-stage therapeutic breakthroughs. Based in the San Francisco Bay Area, our experienced team of investors and scientists brings knowledge of diverse therapeutic areas, allowing us to act on opportunities that no one else sees. We leverage multidimensional relationships across the spectrum of biotech and pharma to identify promising healthcare discoveries — and then work side-by-side with scientific innovators to rapidly advance those ideas through key value-inflection points. ShangPharma Innovation embraces a founder-centric approach that ensures entrepreneurs can remain actively involved in shaping their company’s successes, all with the proactive and trusted support of our wide network of experts List of CROs by location Europe North America Asia Africa South America Oceania",https://ichgcp.net/cro-list/country/usa/company/shangpharma
Sinclair Research Center,sinclairresearch.com,USA,ichgcp,info@sinclairresearch.com,573-387-4400,"562 MO-DD, Auxvasse, MO 65231","Sinclair Research Center is a privately owned biomedical research facility located in Central Missouri. Sinclair was formed in 1964 by the University of Missouri and originally named the Sinclair Comparative Medical Research Farm (SCMRF). Its primary function was to provide laboratory animal research support for the University’s Environmental Health Surveillance Center (EHSC) and the Environmental Trace Substance Research Center (ETSRC). These three entities collaborated to monitor for epidemiological evidences of environmental related illnesses (EHSC), analyzing samples to detect trace amounts of substances that could be related to illnesses (ETSRC), and the use of laboratory animal models to test the hypotheses (SCMRF). This environmental toxicology services concept was remarkably farsighted and it remains valid today. Through the years, Sinclair’s role expanded and became a resource for a wide variety of human and animal health related research and became deeply involved in the deve",https://ichgcp.net/cro-list/country/usa/company/sinclair_research_center
Social Psychiatry Research Institute,spriclinicaltrials.com,USA,ichgcp,info@spriclinicaltrials.com,(919)-821-4664,"44 Hillsboro Street Suite C. Pittsboro, NC 27312","In 1972, the Social Psychiatry Research Institute was established by two psychiatrists to support and conduct clinical research for antidepressant and anti-anxiety drugs. From our founding in New York over 40 years ago, SPRI has grown from a small network of clinical sites to a respected multi-national contract research organization. As we expanded our expertise to include multiple therapeutic areas, notably oncology, infectious disease and endocrinology , we also added strategic offices in Central and Eastern Europe (most notably Belarus, Georgia, Russia and Ukraine). Today, we employ nearly 80 of the industry’s most talented clinical research professionals around the globe. List of CROs by location Europe North America Asia Africa South America Oceania Regulations Resources",https://ichgcp.net/cro-list/country/usa/company/social_psychiatry_research_institute
Sovereign Health,sovcal.com,USA,ichgcp,,(949)  276-5553,es,"Sovereign Health of California provides treatment for alcoholism, drug addiction, mental health conditions and dual diagnosis (co-occurring substance abuse and mental illness). We offer residential and outpatient treatment programs for adolescents and adults. We provide support groups for families. We have treatment facilities in San Clemente, Culver City and Palm Springs. Our substance abuse and behavioral health programs treat the addiction, the behavior and the underlying causes feeding both. Sovereign Health combines traditional clinical therapies with new modalities, such as brain mapping, to ensure our clients have access to the best treatment available. Financial concerns should never prevent someone from getting help for substance abuse or behavioral or mental health problems. Sovereign Health accepts most insurance. We also offer financing options. We invite you to view testimonials from former clients. Each describes a situation probably not unlike your own. With Sovereign’s ",https://ichgcp.net/cro-list/country/usa/company/sovereign_health
Spaulding Clinical,spauldingclinical.com,USA,ichgcp,info@spauldingclinical.com,2623346020,"525 S Silverbrook Dr West Bend, WI 53095 USA","With the most advanced technology; the integration of monitoring, recording, analyzing and reporting all in one place; and a unique specialization in cardiac safety testing for new drugs in development, we provide the highest quality results with the most accurate data and the most efficient procedures in the industry. At Spaulding Clinical Research, we hold ourselves to the highest standards. Passionate in our pursuit of ingenious solutions that save time and money for our clients and heroic in our ambitions to ensure the health and safety of patients, Spaulding Clinical Research strives to be the Phase I facility by which all others are measured. List of CROs by location Europe North America Asia Africa South America Oceania Regulations",https://ichgcp.net/cro-list/country/usa/company/spaulding_clinical
STATKING Clinical Services,statkingconsulting.com,USA,ichgcp,webinfo@statkingclinical.com,(513)858-2989,"759 Wessel Drive Fairfield, Ohio 45014","STATKING Clinical Services is proud of its over 30 year history of service to industrial clients. Since the company's founding in 1989, the company has evolved from providing statistical consulting and data analysis services on a variety of household products to a full service Contract Research Organization (CRO) serving the pharmaceutical and medical device industries. The company's consistent growth over this period has been due to its ability to expand its services offering to meet the needs of STATKING's target market, emerging and mid-size pharmaceutical and medical device companies. The addition of clinical trial management services, clinical study monitoring services, medical coding software, electronic data capture services, medical writing, medical monitoring and safety reporting services all provided solutions to problems and accelerated development timelines of STATKING's client companies. Today, the company employs a staff of product development specialists that are heavily",https://ichgcp.net/cro-list/country/usa/company/statking_clinical_services
STI Pharma,stipharmallc.com,USA,ichgcp,,215-710-3270,"32 Blacksmith Road Newtown, PA 18940","STI Pharma, LLC, located in Newtown, PA, was founded in 2008 by a team of industry veterans. STI is a specialty pharmaceutical company focused on the acquisition, development and marketing of high quality prescription pharmaceutical products. Our products currently include both generic and proprietary pharmaceuticals, provided in various delivery formats covering multiple therapeutic areas. Generics Pharmaceuticals: STI is committed to delivering high-quality and affordable generic pharmaceuticals. In addition to the currently marketed products, STI is developing a pipeline of generic products that will be accessible to health care providers and patients in the future. Proprietary Pharmaceuticals: We develop and acquire proprietary niche products. Our product offerings will include products utilizing alternative delivery technologies and other new dosage forms. With our highly experienced staff we can bring these products to market faster and more efficiently. All our current and futur",https://ichgcp.net/cro-list/country/usa/company/sti_pharma
Strategic Regulatory Consulting,srcteam.com,USA,ichgcp,,513-489-4730,"8741 Apalachee Dr Cincinnati, OH. 45249,USA","Why Choose SRC? Whether you are a startup or a large multinational company, you can benefit from the experience and expertise of SRC to meet your objectives in a highly cost effective way. Experience SRC has a proven track record in drug, medical device, and regulatory consulting.  Also, SRC has been providing quality medical writing since 1987.  We’ll find the most practical solutions to meet and accomplish your objectives. Expertise Our highly experienced regulatory consultants bring a wealth of knowledge of the most up-to-date regulations, directives, laws, policies, and guidelines. Our medical writing expertise spans most therapeutic areas. It is our job to sort through the details, interpret guidelines, and recommend the right course of action for your organization. Integrity Developing mutual trust and client satisfaction is important to us. We will keep you informed every step of the way and will not offer false promises. Quality Our medical writing staff and regulatory consulta",https://ichgcp.net/cro-list/country/usa/company/strategic_regulatory_consulting
Surgery Partners,surgerypartners.com,USA,ichgcp,,(615)  234-5900,"310 Seven Springs Way, Suite 500 Brentwood, TN 37027","Our diverse company operates multiple types of healthcare services dedicated to improving the quality of care in a convenient and cost-effective manner. The support of our ancillary services is one of many unique attributes that differentiate us from our competitors. These services are comprised of a diagnostic laboratory, multi-specialty physician practices and anesthesia services. List of CROs by location Europe North America Asia Africa South America Oceania Regulations Resources",https://ichgcp.net/cro-list/country/usa/company/surgery_partners
Sylvana Research,sylvanaresearch.com,USA,ichgcp,,2106146673,"7711 Louis Pasteur Drive / Suite 406 San Antonio, Texas 78229","Sylvana Research has been conducting research on investigational medications for approximately 30 years. We perform research studies year-round for indications such as allergies, asthma, hypertension and psoriasis. We are contracted by the Pharmaceutical Industry to perform these studies, to help gain FDA approval for the medication. Most research protocols require that subjects take investigational medication for a certain period of time and keep a diary of their symptoms. Some protocols have placebos (sugar pills), while some do not. Patients are compensated for time and travel expenses in each study. Compensation is different depending on the amount of time involved, etc., in each study. If you have further questions or inquiries about clinical research or the history of the FDA, please feel free to contact us. To learn more about our clinical trials, visit our study volunteer and pharm sponsors sections. List of CROs by location Europe North America Asia Africa South America Oceani",https://ichgcp.net/cro-list/country/usa/company/sylvana_research
Symbio,symbioresearch.com,USA,ichgcp,,(631)  474-8531,"21 Perry Street Port Jefferson, NY 11777","Headquartered in Port Jefferson, NY, Symbio is a client-focused global full service Clinical Research Organization (CRO). We manage all CRO core services in house and have our offices in the USA and Europe. We deliver excellent service and provide experienced qualified personnel to strategically manage all aspects of your clinical trials. Symbio offers expertise in Proof-of-Concept, medical device and Phase I – Phase IV clinical studies and has completed over 110 clinical studies to date, both in the USA and in other territories. Developing and maintaining excellent relationships with experienced clinical research sites are vital to the success of any study and every CRO. As a direct result of our site relationships, Symbio trials receive the special attention they deserve. We take great pride in the strong relationships we have established through the years. These relationships have provided us the ability to streamline recruitment, creating shorter enrollment timelines with a lower n",https://ichgcp.net/cro-list/country/usa/company/symbio
Sysdata,wv4.sysdataconsulting.com,USA,ichgcp,contact@sysdataconsulting.com,(413)-695-1679,"7416 Ethel Ave., Richmond Heights, MO 63117","Sysdata is a USA based Contract Research Organization (CRO) formed in 2009. During the past few years, we have developed the health relationship with both big and small pharmaceuticals such as Pfizer, Amgen, Forest Lab, Biogen and Regeneron, etc. We also have broad collabrations with other CROs such as Eliassen Group, Vantage Biotrials, Inventive Health, etc. We are a niche CRO with expertise in staffing and business resource solutions to biotech/pharmaceutical companies. Areas includes data management, biostatistics, SAS programming, and medical writings. All team members are specialized in aspects of medicine, biostatistics, bioinformatics and programming, and hold advanced degrees. List of CROs by location Europe North America Asia Africa South America Oceania Regulations Resources",https://ichgcp.net/cro-list/country/usa/company/sysdata
Target Health Inc.,targethealth.com,USA,ichgcp,info@targethealth.com,1-212-681-2100,"261 Madison Avenue, 24th Floor New York, NY 10016","Target Health Inc., a full-service CRO and Clinical Trials Software company, is committed, through creative collaboration, to serve the pharmaceutical community with knowledge, experience, technology and connectivity. Our pledge is to optimize the life cycle of drugs, biologics and devices with expertise, leadership, innovation and teamwork. We provide superior, consistent performance with a cutting edge, diverse team with the highest standards of ethical conduct and integrity. Target Health Inc. is a privately held, New York City based company with staff dedicated to all aspects of Regulatory Affairs, Clinical Research, Biostatistics, Data Management, Internet-Based Clinical Trials (EDC, electronic data capture), Software Development, Strategic Planning and Drug and Device Development. Target Health Inc. also has a group of specialized advisors in the areas of Toxicology, Analytical Methods Validation, Product and Process Development, Quality Assurance and Manufacturing List of CROs b",https://ichgcp.net/cro-list/country/usa/company/target_health_inc
TGA BioServices,tgasciences.com,USA,ichgcp,,(781)  393-6910,"47 Hall Street Medford, MA 02155","TGA BioServices, an Absorption Systems company, is a contract research organization (CRO) providing the Pharmaceutical, Biotechnology and Academic communities a comprehensive range of laboratory services in support of basic research and development as well as for clinical studies. We serve clients both in the U.S. and internationally. We offer the client a complete package of customized testing systems utilized in preclinical through Phase IV studies. TGA BioServices (FDA/EMA registered and inspected) provides GLP and cGMP regulatory-compliant services for FDA/EMA-level applications and submissions when requested by the client. We offer dedicated QA/QC personnel to insure compliance to required guidelines. TGA BioServices specializes in the development and validation of immunoassay systems for the detection of target molecules, antibody responses, and quantification. List of CROs by location Europe North America Asia Africa South America Oceania Regulations",https://ichgcp.net/cro-list/country/usa/company/tga_bioservices
Therapeutics,therapeuticsinc.com,USA,ichgcp,,8585711800,"Therapeutics Inc. 9025 Balboa Avenue, Suite 100 San Diego, CA 92123","Therapeutics, Inc. designs, creates, and executes development programs for FDA registration of topical, oral and injectable dermatology drugs, biologics and devices. In addition to designing and managing Phase 1-4 dermatology studies, we maximize clients’ commercial success by supporting management of competitive technologies, regulatory strategy and compliance, market dynamics, competitive intelligence, reimbursement, product life cycle, and more. We are committed to moving products from concept to bench top, to proof-of-concept and then, if appropriate, through clinical development with regulatory review and approval. Clinical, regulatory, technology, market and competitive factors are thoughtfully integrated to develop dermatology solutions. These practices earn us repeat business as well as referrals. Rather than over promise to win your business, we will work with you to set realistic deadlines and goals—and meet them. List of CROs by location Europe North America Asia Africa Sout",https://ichgcp.net/cro-list/country/usa/company/therapeutics
TKL Research,tklresearch.com,USA,ichgcp,,2015870500,"One Promenade Blvd. Suite 1201 Fair Lawn, New Jersey 07410","TKL Research is a fully integrated network of clinical research centers serving the pharmaceutical, biotechnology, medical device and consumer healthcare industries. Delivering results for over seventy years, we offer two purpose-built phase I clinical pharmacology units as well as five outpatient clinics equipped for phase II-IV clinical trials. Our unrivaled comprehensive clinical management services make TKL Research the one stop for your study needs List of CROs by location Europe North America Asia Africa South America Oceania Regulations Resources",https://ichgcp.net/cro-list/country/usa/company/tkl_research
TMS Biosceinces,tmsbioscience.com,USA,ichgcp,info@tmsbioscience.com,5049623377,"1441 Canal Street, New Orleans, LA 70112","Dr. Hooper has several years of experience in primary healthcare in a rural setting from his practice of Emergency Medicine across the state of Mississippi. He received advanced training in science at LSU and was recruited to implement clinical mass spectrometry screening for metabolic disease in children born across Louisiana. Under his direction, the Louisiana Office of Public Health Biochemical Genetics Laboratory, began expanded newborn screening in 2004 with over 100,000 tests performed. Several affected children were discovered by the tandem mass spectrometry method and treatment could begin prior to any symptoms of illness occurred. This successful program was interrupted by the damage of Hurricane Katrina to the New Orleans facility. Dr. Hooper became interested in the method of monitoring transplant patient anti-rejection (immunosuppressant) medications by mass spectrometry being pioneered in Europe. At the encouragement of his partners and collaborators, he undertook the effo",https://ichgcp.net/cro-list/country/usa/company/tms_biosceinces
Unison,unisonmedicine.com,USA,ichgcp,,(818)  981-1555,"4955 Van Nuys Blvd, Suite 200 Sherman Oaks, CA 91403","We combine traditional western medicine with alternative care practices, blending the best of both worlds to provide our patients with the most effective treatment outcomes. Our mission is to improve your health from the inside out, while restoring balance and optimal wellness to the whole you List of CROs by location Europe North America Asia Africa South America Oceania Regulations Resources",https://ichgcp.net/cro-list/country/usa/company/unison
US Oncology Network,usoncology.com,USA,ichgcp,,(281)  863-1000,"10101 Woodloch Forest The Woodlands, TX 77380","The US Oncology Network believes local cancer care is better care. We empower the delivery of advanced integrated cancer care through our network of independent physicians who share expertise and resources to provide quality, value-based care close to home. Our clinical and business support capabilities, expertise and industry-leading technologies keep local practices at the forefront of high quality, efficient care delivery while enabling practice success, quality of life and financial security for physicians. 25 years of oncology practice management expertise Leader in value-based cancer care with over 900 physicians participating in the Center for Medicaid and Medicare Innovation Oncology Care Model – one fourth of the entire population of physicians nationwide Over 1,400 affiliated physicians More than 450 cancer treatment center locations across the United States Over 995,000 patients treated annually List of CROs by location Europe North America",https://ichgcp.net/cro-list/country/usa/company/us_oncology_network
Versagenics,versagenics.com,USA,ichgcp,info@versagenics.com,(800)-360-7350,"11010 Lake Grove Blvd Suite 100 #298 Morrisville, NC 27560","For over 25 years, Versagenics staff have been leading innovators in the CRO industry. Our services allow clients to be proactive in managing their clinical development programs while maintaining constant and consistent contacts for all project related matters. We are clinical trial specialists and offer many advantages including: Significant expertise in a broad range of therapeutic areas covering a wide spectrum of diseases. Placement of our managers as consultants to provide you with a constant and consistent contact for project related matters. We frequently serve as your institutional memory! List of CROs by location Europe North America Asia Africa South America Oceania",https://ichgcp.net/cro-list/country/usa/company/versagenics
Vital Systems,vtlsys.com,USA,ichgcp,info@vtlsys.com,(847)  458-2900,"3701 Algonquin Rd. Suite 360 Rolling Meadows, IL 60008","In 1994, Vital Systems was built to accelerate clinical research services for emerging biotechnology, pharmaceutical and medical device companies. Vital Systems prides itself on high quality and responsive service that delivers intelligence from data to clients, allowing them to achieve their product development goals. VSI offers tailored clinical research solutions from our suite of services, ranging from Project Management, Clinical Monitoring and Site Management, Trial Master File Management, Data Management and Statistics, as well as providing Site and Vendor Auditing and Qualification. List of CROs by location Europe North America Asia Africa South America Oceania Regulations Resources",https://ichgcp.net/cro-list/country/usa/company/vital_systems
Washington Biotechnology,washingtonbiotech.com,USA,ichgcp,,1  410-633-9210,"Washington Biotechnology, Inc. P.O. Box 211 Simpsonville, MD 21150 USA","Established in August 1988, Washington Biotechnology, Inc. (WBI) is located in Baltimore, Maryland, USA. WBI’s major service areas are: In Vivo Efficacy Testing of compounds and biologics over a wide range of disease models including inflammatory/autoimmune diseases and cancer. Vaccine testing services including vaccine efficacy testing in disease model studies such as arthritis. Bacterial efficacy studies in mice and rats to determine antibiotic efficacy. Support Services including Pharmacokinetics, Toxicity, Pain Studies and Necropsy. List of CROs by location Europe North America Asia",https://ichgcp.net/cro-list/country/usa/company/washington_biotechnology
WATERMARK Research Partners,watermarkresearch.com,USA,ichgcp,,317-576-1818  or  888-457-1818,"8123 Castleton Road, Indianapolis, IN 46250","Dr. Schneider has worked in the pharmaceutical, biotech, and device industries for over 20 years. During this time she has worked in regulatory, risk management, product safety, medical education and communication, and marketing. Watermark is a privately owned business that was founded by Dr. Schneider. Watermark has 2 primary business focus; safety oversight and medical communication. On the safety side of the business, Dr. Schneider and her directors provide services for independent DMC and adjudication panels, post-marketing safety surveillance, outcomes registries and regulatory training for clinical research sites. On the medical communication side of the business, programs are developed utilizing years of experience and understanding of the ethical and regulatory requirements. Ms. Pate has been in the healthcare arena for over 22 years. She has worked in the hospital setting, clinics, medical billing, and marketing. In addition to healthcare experience, Ms. Pate has corporate exp",https://ichgcp.net/cro-list/country/usa/company/watermark_research_partners
WCCT Global,wcct.com,USA,ichgcp,,(714)  252-0700,es,"Clinical Expertise to Fuel Your Study As a CRO specialized in early clinical development, we offer clinical trial services, overnight observation capabilities at our Phase 1 clinical site, and regulatory support. We utilize a collaborative approach which centers on taking your product to the next stage of development. WCCT is committed to serving as an end-to-end solution for early clinical development. Therefore, we have geared all of our personnel, processes, partnerships, and vendors to suit the specific needs of early phase clinical trials: Regulatory expertise for complex and specialty trial designs Project Managers with extensive background in Phase 1 trials Safety Reference Laboratory with 24/7 availability Dedicated Recruitment Department with proven retention programs List of CROs by location Europe North America Asia",https://ichgcp.net/cro-list/country/usa/company/wcct_global
Westat,westat.com,USA,ichgcp,,301-251-1500,"1600 Research Blvd, Rockville, MD 20850","Westat began as a visionary startup in 1963. Now, 50+ years later with 1,900 employees, we continue to pioneer new ways to support the changing needs of clients. Our unique collaborative culture enables us to create dynamic multifaceted teams with broad experience across a wide range of topics List of CROs by location Europe North America Asia Africa South America Oceania Regulations Resources",https://ichgcp.net/cro-list/country/usa/company/westat
WuXi LABORATORY,labtesting.wuxiapptec.com,USA,ichgcp,info_ltd@wuxiapptec.com,1  (888)  735  7227  (Toll  Free)  1  (858)  622  0099,es,"WuXi AppTec’s Laboratory Testing Division is a comprehensive and integrated testing platform for drug and medical device development. Fully integrated within WuXi AppTec, a world-class CRO with operations in China and the US, the Laboratory Testing Division provides in vivo and in vitro assays from early screening through clinical sample analysis, and medical device testing from development through product lifecycle management. We operate with full transparency, providing the high-quality data you need to advance your project while meeting international standards for regulatory compliance and maintaining industry-leading turnaround times. The Laboratory Testing Division consists of three integrated testing platforms—WuXi AppTec IND (WIND) for Preclinical Drug Development; Clinical Drug Development; and Medical Device Testing. Each platform is supported by the complementary capabilities of our four service units, which include Analytical, Bioanalytical, Toxicology and DMPK services. Tes",https://ichgcp.net/cro-list/country/usa/company/wuxi_laboratory
​Universal Research Group,uniresearchgroup.com,USA,ichgcp,info.uniresearch@gmail.com,12538821070,2201 South 19th Street Suite 202 Tacoma WA 98405 US,"Our clinical team is committed to patient safety, study recruitment and excellent data. We are a comprehensive study team dedicated to the success of our trials, patient’s health and safety, and data integrity. ​Universal Research Group conducts and provides oversight and management of clinical research trials sponsored by Pharmaceutical companies for a variety of medical problems. List of CROs by location Europe North America Asia Africa South America Oceania Regulations",https://ichgcp.net/cro-list/country/usa/company/universal_research_group
Pharmaxi LLC,pharmaxi.ua,Ukraine,ichgcp,info@pharmaxi.com.ua,+38 093 940 05 07,"Akademika Filatova St, 10А - Kyiv, Ukraine","Pharmaxi LLC is a Kyiv-based Ukrainian company providing clinical trials and post-marketing research services for over 8 years. We provide quality service for your clinical trial locally as well as in 36 European countries thanks to our wide Partnership Network. The company has completed numerous programs for pharmaceutical and biotechnology companies and medical device manufacturers. Services are provided to Ukrainian, North American, South Korean, Israeli, and Central European countries and those from CIS countries. Pharmaxi is the first organization in Ukraine to develop a validated EDC system and successfully apply it for clinical trials, surveillance, and post-marketing projects and registries. It provides a full-service cycle within the framework of clinical trials, and the company engages proven subcontractors (logistics, drug storage, insurance). The company offers: Conducting clinical trials Conducting non-interventional and post-marketing research Electronic data collection s",https://ichgcp.net/cro-list/country/ukraine/company/pharmaxi_llc
SPRI Ukraine,spriukraine.com.ua,Ukraine,ichgcp,info@spri.com.ua,38(057)759-02-41,"15 Kuibysheva street, Kharkiv, Ukraine, 61050",SPRI Ukraine has provided clinical trial support in Ukraine since 2004. We provide a full range of services for conducting Phase I-IV clinical trials in Ukraine and Eastern Europe. We have expanded our presence in the region with creating strategic alliances with regional CROs. List of CROs by location Europe North America Asia Africa South America Oceania Regulations Resources,https://ichgcp.net/cro-list/country/ukraine/company/spri_ukraine
Acceler8 Clinical Research Limited,acceler8clinicalresearch.com,United Kingdom,ichgcp,enquiries@acceler8clinicalresearch.com,+44 1565 756190,"Unit 1, Mere View Barn Park Lane, Pickmere Knutsford, WA16 0LG Other Acceler8 Clinical Research Limited's locations around the world","What do we do? Acceler8 Clinical Research is a global provider of biopharmaceutical services. We conduct clinical trials on behalf of our pharmaceutical clients to get their products to market efficiently and cost-effectively. With offices in Singapore, Australia, and the UK, we are privileged to play a part in the world’s frontier clinical research. Why outsource? Acceler8 Clinical Research brings together subject matter experts around the world, specialising in disciplines including clinical development, data management, project management, clinical quality assurance and regulatory affairs. Outsourcing aspects of your clinical studies enables you alleviate budget pressures, by allowing you access to a range of subject matter experts, to utilise as and when you need them. Whether you need help with one aspect of a study, or end-to-end management, we can design an outsourcing model to suit you. List of CROs by location Europe North America Asia Africa",https://ichgcp.net/cro-list/country/united_kingdom/company/acceler8_clinical_research_limited
BBI Solutions,bbisolutions.com,United Kingdom,ichgcp,,44  (0)  1495  363000,"Unit 2, Parkway, Pen-y-fan Industrial Estate, Crumlin, NP11 3EF, UK","BBI Solutions has served the global diagnostics industry for over 50 years, as a leading developer and manufacturer of raw materials and finished test platforms for the in-vitro diagnostics market.Over the past 50 years, BBI has grown from a small specialist company, to a global business with manufacturing sites in five different countries, spanning three continents. List of CROs by location Europe North America Asia Africa South America Oceania Regulations Resources",https://ichgcp.net/cro-list/country/united_kingdom/company/bbi_solutions
BioKinetic Europe,biokineticeurope.com,United Kingdom,ichgcp,,44  28  90  81  83  81,"4th - 7th Floor, 14 Great Victoria Street, Belfast, BT2 7BA","James Neill and Rachel Foster of HNH Group, Jefferson House, 42 Queen Street, Belfast, Co. Antrim BT1 6HL were appointed as Joint Administrators of Bio-Kinetic Europe Limited on 19 October 2017. Any creditor of Bio-Kinetic Europe Limited with a claim or query in relation to the above Administration should contact the Administrators’ office at info@hnhgroup.co.uk or alternatively on 02890 278100. If you wish to express an interest in acquiring any of the assets of the Company please contact James Armstrong at Armstrong Auctions on 028 91 852456. James Neill and Rachel Foster have been appointed as Joint Administrators of Bio-kinetic Europe Limited (‘the Company’) to manage its affairs, business and property as its agents and act without personal liability. James Neill and Rachel Foster are both licensed to act as Insolvency Practitioners in Great Britain and Northern Ireland by Chartered Accountants Ireland. The Joint Administrators are Data Controllers of personal data as defined by th",https://ichgcp.net/cro-list/country/united_kingdom/company/biokinetic_europe
Biolab Medical Unit,biolab.co.uk,United Kingdom,ichgcp,reception@biolab.co.uk,44)  020  7636  5959/5905,"The Stone House, 9 Weymouth Street, London W1W 6DB, UK","Biolab Medical Unit, a medical referral laboratory specialising in nutritional and environmental medicine, is located in the heart of the West End of London. We are a nutritional biochemistry laboratory measuring vitamin and mineral levels, toxic metals, other biochemical levels that are related to the availability of vitamins, minerals and other nutrients, and we also have an extensive range of profiles for assessing the effects of twenty-first century lifestyles on our bodies. We are dedicated to assisting doctors sort out their patients' problems in a way that does not rely on drugs as a first line of treatment. We have an intrinsic respect for the Wisdom of Nature and of each human being who, by virtue of their circumstances, has become a patient - one who suffers. We do all we can to apply modern scientific laboratory analytical methods to establish what imbalances there are in the bodies of those who are suffering ill-health or non-optimum health, so that these imbalances may be ",https://ichgcp.net/cro-list/country/united_kingdom/company/biolab_medical_unit
Chembiotech Laboratories,chembiotech.co.uk,United Kingdom,ichgcp,enquiries@chembiotech.co.uk,44  (0)7801  624749,Kyrewood House Tenbury Wells Worcestershire WR15 8SG,"Chembiotech Laboratories has its roots in the scientific consultancy work undertaken by Prof. Kennedy since the early 1970's, both in his own name and under the trading name of Biotechnics. This practice continued until 1977 when Chembiotech Laboratories became the new name of the expanding consultancy business. The name Chembiotech was carefully chosen to reflect the company's skill and experience in chemistry, biochemistry, biology and biotechnology. It is a name that serves the company well and covers all areas of advanced science and technology. Chembiotech Laboratories' facilities now include new offices for scientific and administrative staff, a conference room / library area, and two specialist laboratories. Considerable investment in capital equipment has also been made, not only on laboratory equipment, but also in ICT. With these new resources, Chembiotech Laboratories' high quality staff and close research links with Universities and Government departments in the UK, USA, Po",https://ichgcp.net/cro-list/country/united_kingdom/company/chembiotech_laboratories
Clinicology - an FGK company,fgk-cro.com,United Kingdom,ichgcp,info@clinicology.com,+44 1483 977777,"Surrey Technology Centre, 40 Occam Road, Guildford, Surrey, GU2 7YG, UK Other Clinicology - an FGK company's locations around the world","Clinicology - an FGK company is a bespoke CRO based near London, UK for Phase I-IV CTIMP and medical device studies. Our advantages are our speed and flexibility, with rapid project startup and team deployment with our network across Europe and the US. Our core services include site startup, monitoring, project management, regulatory submissions, mobile nurses, decentralized trials and patient recruitment. List of CROs by location Europe North America Asia Africa South America Oceania",https://ichgcp.net/cro-list/country/united_kingdom/company/clinicology
ClinTec International,clintec.com,United Kingdom,ichgcp,info@clintec.com,44  (0)  141  226  1120,"133 Finnieston Street Glasgow, G3 8HB Other ClinTec International's locations around the world","Clintec, established for 21 years, is an innovative, medium-sized global functional services provider with a depth of expertise in oncology and rare diseases. Clintec combines the agility and flexibility typical of smaller CROs with the global coverage associated with large CROs. Clintec delivers global projects with speed, efficiency, and cost-effectiveness.  Clintec personnel are based in over 50 countries including several differentiated emerging markets, such as in Sub-Saharan Africa. List of CROs by location Europe North America Asia Africa South America Oceania Regulations Resources",https://ichgcp.net/cro-list/country/united_kingdom/company/clintec_international
Congenix,congenix.com,United Kingdom,ichgcp,info@congenix.com,442083259481,"Suite 408, 107-111 Fleet Street London, EC4A 2AL, UK Other Congenix's locations around the world","Congenix is an independent contract research organization offering its clients a full range of services, covering the organization and implementation of clinical trials on phases I to IV in the Russian Federation and former Soviet countries. Our mission is to act as a reliable intermediary for pharmaceutical and biotechnological companies working on the development of highly effective and safe medical products, medicines in particular, for the benefit of humankind. Through our impeccable performance, we try to contribute to global progress. List of CROs by location Europe North America Asia Africa South America Oceania Regulations",https://ichgcp.net/cro-list/country/united_kingdom/company/congenix
Creative BioMart,creativebiomart.net,United Kingdom,ichgcp,contact@creative-biomart.com,+44 20 3980 8268,"5 South Charlotte Street, Edinburgh, EH2 4AN Other Creative BioMart's locations around the world","Creative BioMart is a professional biotechnology supplier focused on the development and production of recombinant protein products. Over the years, we have grown exponentially to offer over 100,000 protein products, including recombinant protein, native proteins, cell/tissue lysates, chromatography, lectins, and detection kits. In response to customers’ needs, Creative BioMart continuously launches popular categories such as cytokines, PROTAC targets, GPCRs, labeled proteins, full length proteins, virus-related proteins, CAR-T cell targets, biomarkers, CD antigens, etc. In addition, we offer therapeutic proteins, diagnostic proteins, and GMP proteins in accordance with the demands of industrial customers. We also provide advanced CRO services—From protein expression & purification to stable cell line construction, interaction detection, protein characterization, screening, and profiling, we cover it all. Creative BioMart . List of CROs by location Europe North America Asia Africa",https://ichgcp.net/cro-list/country/united_kingdom/company/creative_biomart
Croprime,croprime.com,United Kingdom,ichgcp,maggie@croprime.com,44(0)24  7659  3061,"19 Trimpley Drive, CV6 3LJ Coventry","Our headquarter is based in the UK, however, we operate in other European locations either with a very strong presence in Poland and other central European location, Germany, France, Netherlands, Spain, Italy and Switzerland. We are a global company but we work with local experts while conducting studies in other European countries. List of CROs by location Europe North America Asia Africa South America Oceania Regulations Resources",https://ichgcp.net/cro-list/country/united_kingdom/company/croprime
Ergomed,ergomedcro.com,United Kingdom,ichgcp,info@ergomedplc.com,+44  (1483)  503  205,"1 Occam Court, The Surrey Research Park, Guildford, Surrey GU2 7HJ","With 25 years of experience, Ergomed offers custom-made clinical solutions for every stage of development from proof-of-concept to late-stage programs. Our background in co-development means we understand what it takes to deliver drugs to the market quickly and responsibly. We are global leaders in Oncology and Orphan Drug Development and provide full-service solutions to the pharmaceutical and biotechnology industries. Our high-quality, innovative clinical research services and solutions are tailored to meet the needs of your trial. List of CROs by location Europe North America Asia Africa South America Oceania",https://ichgcp.net/cro-list/country/united_kingdom/company/ergomed
GSTT Emergency Scientific and Medical Services,esmsglobal.com,United Kingdom,ichgcp,info@esmsglobal.com,+44  (0)20  7113  7878,ESMS Global  Apex Yard  29 Long Lane London  SE1 4PL,"Described in our first routine GCP inspection by the MHRA in 2007, as a “centre of excellence” and providing “a superior service”, ESMS provide 24/7 information services for the following areas: Clinical Trials, Medical Information. List of CROs by location Europe North America Asia Africa South America Oceania Regulations Resources",https://ichgcp.net/cro-list/country/united_kingdom/company/gstt_emergency_scientific_and_medical_services
hVIVO,hvivo.com,United Kingdom,ichgcp,,44  (0)  20  7756  1300   44  (0)20  3021  0280,Queen Mary BioEnterprises (QMB) Innovation Centre 42 New Road London E1 2AX United Kingdom,"hVIVO was originally incorporated in 1988 as Retroscreen Virology  (the name was changed to hVIVO in 2015).  The company was spun-out from Queen Mary, University of London, to commercialise the academic research of Professor John Oxford in the field of retroviruses, which at the time, were considered to have promise in the fight against HIV/Aids. In 2001, Professor Oxford was asked to expand from the laboratory and leverage his early career experience in these early human viral challenge studies. Studies were conducted at hVIVO, led by Dr Robert Lambkin-Williams and Dr Anthony Gilbert, to develop a series of well-characterised virus stocks and human disease models whilst demonstrating that utilising these in human viral challenge studies provided clients a faster and cost effective route to market for their therapeutics. One notable study was the first proof of the efficacy of a siRNA therapeutic, in which hVIVO’s human disease model and challenge study results proved instrumental. Wit",https://ichgcp.net/cro-list/country/united_kingdom/company/hvivo
Imperial Clinical Research Services,imperialcrs.com,United Kingdom,ichgcp,connect@imperialcrs.com,2038873437,Unit 2 Shepperton Business Park Govett Avenue Shepperton TW17 8BA United Kingdom Other Imperial Clinical Research Services's locations around the world,"From site startup to study closeout (and everything in between), Imperial is ready to put 75 years of global operational expertise to work for you. We deliver all of this with a professional, personal touch, and a positive, hassle-free experience. List of CROs by location Europe North America Asia Africa South America Oceania Regulations Resources",https://ichgcp.net/cro-list/country/united_kingdom/company/imperial_clinical_research_services
Lowden International,lowdeninternational.com,United Kingdom,ichgcp,info@lowdeninternational.com,+44  (0)1748  811  999,"Lowden House Richmond, North Yorkshire DL10 7PW United Kingdom","Lowden International Ltd is a consortium of experienced consultants who specialise in the qaulity management processes of pharmaceutical manufacturing. They have worked exstenively worldwide offering a wealth of knowledge in manufacturing practices, inspection readiness and installing their licensed line-clearance system, Live Line Clearance. List of CROs by location Europe North America Asia Africa South America Oceania Regulations Resources",https://ichgcp.net/cro-list/country/united_kingdom/company/lowden_international
Medicines Evaluation Unit  (MEU),meu.org.uk,United Kingdom,ichgcp,enquiries@meu.org.uk,+44  (0)161  946  4050,"The Langley Building, Southmoor Road, Wythenshawe, Manchester, M23 9QZ","The Medicines Evaluation Unit (MEU) Ltd is one of the UK’s leading contract research organisations, and a facility where commitment to excellence is paramount. Possessing extensive pharmaceutical, scientific and clinical expertise, allied with fast volunteer recruitment, both healthy and patient, within a state-of-the-art hospital based research facility, enables the MEU to offer clients positive clinical trial solutions. List of CROs by location Europe North America Asia Africa South America Oceania Regulations Resources",https://ichgcp.net/cro-list/country/united_kingdom/company/medicines_evaluation_unit_meu
Medilife Ltd.,medilife.net,United Kingdom,ichgcp,clinicaltrials@med-i-life.uk,+44 7539 057831,"167-169 Great Portland Street, London, W1W 5PF","Medilife Ltd.  is a UK based CRO specialising in medical device studies. We offer partnerships with medical device companies to provide end to end support to gain access to key UK and European markets, from clinical trial services, marketing and a sales force. Our patient and user centric approach ensures that studies are designed to meet regulations and collect data points to enable a successful commercialisation. All Medilife’s staff are trained in ISO14155:2020 and GCP and are experts in medical device studies. As a small CRO, we can provide cost effective solutions and have the ability to scale up along with business growth. We have experience with Pre-market, post-market, registry and de-centralised trials. We can offer full service support utilising our in house Project managers, CRAs and Data managers and contractors in other areas or work on a FSP model. Our friendly team can be flexible to your requirements. List of CROs by location Europe North America Asia Africa South Ameri",https://ichgcp.net/cro-list/country/united_kingdom/company/medilife_ltd
NB Science,nbscience.com,United Kingdom,ichgcp,head_office@nbscience.com,,"NBScience Unit 5545 PO Box 6945 London,W1A 6US, United Kingdom","Advancements in mesenchymal stem cell (MSC) research are shedding light on how these stem cells may someday be used in various clinical applications such as immunomodulatory therapies (i.e., prevention of graft-versus-host disease or treatment of Crohn’s disease) and in cell replacement therapies for mesenchymal tissues such as bone and cartilage. We offer an extensive selection of specialty products optimized for mesenchymal stem cell populations. List of CROs by location Europe North America Asia Africa South America Oceania Regulations Resources",https://ichgcp.net/cro-list/country/united_kingdom/company/nb_science
NeuroSolutions,nsolns.com,United Kingdom,ichgcp,info@nsolns.com,44  (0)  8454  500171,,NeuroSolutions is a contract research organisation established in 2001 as a service provider of cutting edge electrophysiological and behavioural research in the field of neuroscience. Neurosolutions was founded to provide technically demanding electrophysiology to the biopharmaceutical industry. Our highly qualified team of scientists deliver preclinical research solutions from the single cell right through to the whole animal tailored precisely to our client’s needs. List of CROs by location Europe North America Asia Africa South America Oceania Regulations Resources,https://ichgcp.net/cro-list/country/united_kingdom/company/neurosolutions
NorthWise Services,northwiseservices.com,United Kingdom,ichgcp,info@northwiseservices.com,+44  (0)1795  411571,"1/64 Innovation Building, Kent Science Park, Sittingbourne, Kent ME9 8HL United Kingdom","NorthWise Services offers a range of services and products to the pharmaceutical and biotechnology industries, in support of the complete clinical trial process and beyond. Core services include data management, statistics and medical writing. These are supplemented by other services and products which are offered through strategic working alliances. Outside the pharmaceutical industry, NorthWise Services can offer services wherever data handling is a requirement. List of CROs by location Europe North America Asia Africa South America Oceania Regulations Resources",https://ichgcp.net/cro-list/country/united_kingdom/company/northwise_services
NovaBiotics,novabiotics.co.uk,United Kingdom,ichgcp,info@novabiotics.co.uk,1224711377,,"NovaBiotics Ltd is a leading clinical-stage biotechnology company focused on the design and development of first-in-class anti-infectives for difficult-to-treat, medically unmet diseases. List of CROs by location Europe North America Asia Africa South America Oceania Regulations Resources",https://ichgcp.net/cro-list/country/united_kingdom/company/novabiotics
"Perceptive Informatics, Inc",pharmaceutical-technology.com,United Kingdom,ichgcp,info@perceptive.com,441159557333,Lady Bay House Meadow Grove Nottingham NG2 3HF,"Perceptive Informatics, Inc., develops and offers a portfolio of innovative technology-based products and services that facilitate clinical drug development and are designed to decrease time to peak. List of CROs by location Europe North America Asia Africa South America Oceania Regulations Resources",https://ichgcp.net/cro-list/country/united_kingdom/company/perceptive_informatics_inc
Pharmaceutical Development Services,pharmdservices.com,United Kingdom,ichgcp,info@pharmdservices.com,44  (0)115  896  2358,"Shanakiel, 17 Ilkeston Road, Heanor, Derbyshire, DE75 7DT, United Kingdom","Pharmaceutical consulting services are used by many pharmaceutical and biotech companies. Often they are looking for an expert team experienced in scientific and management leadership. If your company requires a team who can confidently manage the entire drug development programme – from research to the pharmacy shelf – then PDS can provide the services you need. PDS pharmaceutical consultancy consists of group of highly experienced pharmaceutical consultants who will assess potential pitfalls and help companies avoid them. PDS will deal with the complex process of contractor selection and ensure you have the right pharmaceutical consultant expert for each stage of the project. At PDS, we work with small and medium-sized companies wanting to develop their own product ranges. Our pharmaceutical consultancy services help companies to develop products from scratch. PDS pharmaceutical consultants advise on quality and regulatory issues as well as manufacturing, packaging and labeling. Draw",https://ichgcp.net/cro-list/country/united_kingdom/company/pharmaceutical_development_services
Pharmalys,pharmalys.com,United Kingdom,ichgcp,,441895876200,"Regus House, Highbridge, Oxford Road, Uxbridge, UB8 1HR, United Kingdom Other Pharmalys's locations around the world","Pharmalys is a privately-owned regional Contract Research Organisation (CRO) established in 2008 in the UK. We have a strong presence in the UK and Republic of Ireland with our main European office located in London. Since 2012, we have expanded our operations in West Africa with our main offices in Dakar to better support any of your projects that involve countries in Sub-Saharan Africa. List of CROs by location Europe North America Asia Africa South America Oceania Regulations Resources",https://ichgcp.net/cro-list/country/united_kingdom/company/pharmalys
PHARMExcel,pharmexcel-cro.com,United Kingdom,ichgcp,Info@pharmexcel-cro.com,+44 20 3642 6654,"Albany Chambers, 26 Bridge Road East, Welwyn Garden City, Herts, AL7 1HL, UK","PHARMExcel is a mid-sized UK-based Contract Research Organisation (CRO) with a strong reputation in the UK for delivering bespoke Phase I-IV clinical trials for the academic, biopharma and medical device industry. Although not therapeutic specific, it has specialist experience in Ophthalmology, Hepatology, Oncology, Cardiology, Neurology, Vaccines & Infections Disease, Gastroenterology, Nephrology, Cardiology, Rare Disease, Cell & Gene Therapies -  with a focus on early phase trials including Device class I-III. PHARMExcel clinical trial management services Flexibility is one of PHARMExcel’s foundations of its success – its clients can choose from a range of services without the high fixed costs of a conventional larger CRO. Its trial management services include Protocol Development -UK Regulatory Approvals -Site Feasibility -Set Up and Initiation -Monitoring & Site Management -Project Management -Safety Management & Reporting -Statistics & Data Management -ISO Accredited Quality Manag",https://ichgcp.net/cro-list/country/united_kingdom/company/pharmexcel
Pharmidex Pharmaceutical Services Limited,pharmidex.com,United Kingdom,ichgcp,bd@pharmidex.com,+44 870 240 5978,"167-169 Great Portland Street, Fifth Floor, London, W1W 5PF","Pharmidex Pharmaceutical Services Limited is a UK-based Contract Research Organisation (CRO), founded in 2002, providing GLP- and GCP-compliant preclinical and clinical support services to biotechnology and pharmaceutical companies worldwide. With over two decades of experience, Pharmidex partners with sponsors to generate high-quality, regulatory-ready data that supports confident decision-making from discovery through to clinical development. Regulatory & Quality Framework Pharmidex operates to the highest standards of scientific and regulatory compliance, offering: GLP-compliant bioanalysis, toxicokinetics (TK), pharmacokinetics (PK), and preclinical support GCP-compliant bioanalytical services for clinical studies",https://ichgcp.net/cro-list/country/united_kingdom/company/pharmidex_pharmaceutical_services_limited
PharSafer,pharsafer.com,United Kingdom,ichgcp,,44  (0)  1483  212155 44  (0)  1483  212150,"PharSafer House, White Hart Meadows, Ripley, Surrey GU23 6ND, UK","PharSafer® is a specialist Global CRO focusing on Pharmacovigilance & Medical Services. Formed in 2002 and Headquartered in the UK, PharSafer® has enjoyed continued annual client growth, global expansion and increased staffing.  As a privately owned company we have the freedom to invest in our staff and react quickly to investment in any necessary equipment, premises and additional resources, without reference or approval of any external investors. This allows us to prudently invest where necessary to ensure clients get the best people to help them, and the most up to date technical equipment. We can act as your complete outsourced Pharmacovigilance and Medical Services Department/Organisation, performing all of the activities expected of your own Pharmacovigilance and Medical Information teams. We ensure that your company is compliant with all of the necessary legislation and our Philosophy is simple; Quality and Excellence in all we do because patient safety is not a cost, but a comm",https://ichgcp.net/cro-list/country/united_kingdom/company/pharsafer
RenaSci,renasci.co.uk,United Kingdom,ichgcp,inform@renasci.co.uk,44  (0)115  912  4260,BioCity Pennyfoot Street Nottingham NG1 1GF United Kingdom,"RenaSci provides an integrated blend of consultancy and experimental services to clients from all sectors of the pharmaceutical industry to help maximise research productivity and streamline drug development. Since the company was established in 2001, we have specialised in abuse/dependence testing and in the therapeutic areas of CNS and metabolic disorders - our core areas of expertise. Our clients include pharma, biotech and virtual companies and healthcare investors from the UK, mainland Europe, USA and Japan and we collaborate with them on all stages of the drug development process from target identification to post registration. Our regulatory expertise combined with skills in drug development and abuse liability assessment have been pivotal to the success of clients in achieving European and US drug registrations. We have facilitated more than 30 NCE’s into clinical development and 10 drugs to the market. Working arrangements with our sponsors range from one off fee-for-service s",https://ichgcp.net/cro-list/country/united_kingdom/company/renasci
Resolian,resolian.com,United Kingdom,ichgcp,info@alliancepharmaco.com,+44 1638 720500,es,"Collaborating on all therapeutic modalities, Resolian fuses expertise from Alliance Pharma and Drug Development Solutions to provide world-class scientific solutions. List of CROs by location Europe North America Asia Africa South America Oceania Regulations Resources",https://ichgcp.net/cro-list/country/united_kingdom/company/resolian
Richmond Pharmacology,richmondpharmacology.com,United Kingdom,ichgcp,info@richmondpharmacology.com,44  (0)  20  7042  5800,Richmond Pharmacology 1a Newcomen Street London Bridge London SE1 1YR United Kingdom,"For over 15 years, Richmond Pharmacology has delivered clinical excellence from design to delivery of early phase clinical trials, going from strength to strength in a fiercely competitive market place. We have experience that is held by our long serving management team and are reputed for our customer focus, flexible approach and strong project management. We have conducted over 300 Early Phase Studies. We have developed an efficient approach that allows us to combine different designs into one protocol, leading to objectively faster development times from First in Human to Proof of Concept studies. Our integrated platform is designed to streamline every aspect of Early Phase trials with quality, integrity and accuracy. What makes us special is that we are well established in a competitive market place and are a recognised stakeholder on a national, European and global level, helping drive the clinical research sector forward. We are intellectually engaged, adding value by working wit",https://ichgcp.net/cro-list/country/united_kingdom/company/richmond_pharmacology
Selcia,selcia.com,United Kingdom,ichgcp,contact@selcia.com,44  (0)  1277  367  000,"Fyfield Business & Research Park, Fyfield Road, Ongar, Essex CM5 0GS United Kingdom","Selcia is a global contract research provider of integrated drug discovery, medicinal chemistry and 14C radiolabeled compounds. Established in 2001, the company has two divisions: Selcia Drug Discovery - with medicinal chemistry,biology ADME and a unique peptidyl proyl isomerase (PPIase) inhibitor screening platform; and Selcia Radiolabeling - one of the world’s largest suppliers of custom 14C radiochemicals. We work from modern R+D facilities in Ongar to the north east of London (UK). As a globally active CRO, Selcia offers a unique range of services to the life sciences community: operating alongside our integrated drug discovery services, we have an in-house GLP certified analytical laboratory together with a Good Manufacturing Practice (GMP) certificate for the preparation of 14C labelled APIs. Selcia is a fast growing, successful and profitable organisation. Since a management buyout in 2005, our turnover has grown by more than 100 per cent. In the same period, full time staff num",https://ichgcp.net/cro-list/country/united_kingdom/company/selcia
Smithers,smithersviscient.com,United Kingdom,ichgcp,info@smithersviscient.com,44(0)1423532710,"108 Woodfield Dr, Harrogate HG1 4LS Other Smithers's locations around the world","Founded in 1925 and headquartered in Akron, Ohio, Smithers is a multinational provider of testing, consulting, information, and compliance services. With laboratories and operations in North America, Europe, and Asia, Smithers supports customers in the transportation, life science, packaging, materials, components, consumer, and energy industries. At Smithers, our mission is to help our clients innovate with confidence as they develop, produce, and launch new products and materials. We provide both routine and innovative testing, consulting, information, and compliance services, delivering accurate data, on time, with high touch. List of CROs by location Europe North America Asia Africa South America Oceania Regulations Resources",https://ichgcp.net/cro-list/country/united_kingdom/company/smithers
SMP,orioncro.com,United Kingdom,ichgcp,contact@simbec.com,+144  (0)  1753  578  080,es,"SMP is a small sized CRO with its main office in Brasov, Romania. Our main activity is to conduct clinical research in bioequivalence studies and clinical trials of phase II-IV in Romanian sites. Through our offices the SMP personnel provides full monitoring and study coordination facilities in Romania. The SMP goal is to be The Romanian Partner of major pharmaceutical companies, medical device producers and CROs offering top quality services. Our CRAs are well qualified MDs in disciplines that are necessary to obtain high quality data from any clinical trial. We are trained to ensure that the trials are delivered according to the highest ICH/GCP standards. Dr. Dionisie Czika, senior Clinical Research Associate and Head of Clinical Research, has an experience of more the 6 years in conducting GCP clinical trials. We closely trained other junior CRAs in all the fields necessary to cover all the investigator areas. In order to conduct clinical trials we are in close collaboration with al",https://ichgcp.net/cro-list/country/united_kingdom/company/smp
Source BioScience Limited,sourcebioscience.com,United Kingdom,ichgcp,sales@sourcebioscience.com,44  (0)  115  973  9012,1 Orchard Place Nottingham Business Park Nottingham NG8 6PX United Kingdom,"Source BioScience Limited is an international provider of integrated state of the art Laboratory Services and Products. Headquartered in the UK, with offices in UK, Europe and the USA, Source BioScience is privately held, having been acquired through a public to private transaction led by majority shareholders Harwood Capital LLP and Continental Investment Partners in September of 2016.  Source BioScience PLC, was de-listed from the London Stock Exchange upon acquisition. List of CROs by location Europe North America Asia Africa South America Oceania Regulations Resources",https://ichgcp.net/cro-list/country/united_kingdom/company/source_bioscience_limited
The Clinical Trial Company,tctcgroup.com,United Kingdom,ichgcp,info@tctcgroup.com,44  (0)  1565  733  772,"Mere View Barn, Park Lane, Pickmere, Knutsford WA16 0LG, United Kingdom","The CLINICAL TRIAL Company Group™ (TCTC Group™) is a privately owned, full-service global Clinical Contract Research Organization providing professional support to pharmaceutical, biotechnology, medical device and academic businesses and institutions. The company was incorporated in 2002 as The CLINICAL TRIAL Company™. TCTC Group™ has 7 different divisions each one addressing a different need and offering stand-alone services or full-service trial programmes, which optimise the integration of the client’s expertise with our own. Our company's professional approach provides cutting edge solutions in order to move clinical trials forward and provide exceptional services to our clients. Our philosophy is one of teamwork, positivity, communication, responsibility and adding value. We conduct clinical trials of all sizes in all therapeutic areas with a particular expertise in advanced therapies, such as cell and gene therapies, as well as Orphan drugs, CNS, and medical devices. TCTC success",https://ichgcp.net/cro-list/country/united_kingdom/company/the_clinical_trial_company
Transcom Global,tran-s.com,United Kingdom,ichgcp,office@tran-s.com,441612093159,"Peter House, 1 Oxford Street, Manchester, M1 5AN, UK Other Transcom Global's locations around the world","We are Transcom Global, an ISO 9001:2015, ISO 17100:2015 and EN15038:2006 certified provider of translation, localization and QA services for the global life science industry. Our professional team understands your language and unique terminology. Familiar with the regulatory requirements and standards you are required to keep, we provide the highest quality translations at the most competitive costs and with the quickest delivery timelines our industry offers. Established in 1998, Transcom Global is a translation vendor dedicated to meeting the healthcare industry’s requirements for uncompromising quality, rapid delivery and cost efficiency. Transcom adopts an agile approach, which enables it to resolve any translation challenge. List of CROs by location Europe North America Asia Africa South America Oceania",https://ichgcp.net/cro-list/country/united_kingdom/company/transcom_global
RAMBAC,rambac.uz,Uzbekistan,ichgcp,info@rambac.uz,+998 97 424 12 58,"House 30, Niyozbek yu‘li street, Lashkarbegi MFY, Mirzo-Ulugbek district, Tashkent, Uzbekistan","RAMBAC is a Contract Research Organization with deep expertise in the Uzbekistan clinical research market. We provide end-to-end support for pharmaceutical and biotechnology companies, ranging from study design and regulatory submissions to site management and final reporting. Our team provides direct access to leading investigational sites and Principal Investigators across the country, enabling fast and compliant trial start-up. Specialized Focus We offer specific competencies in Phase I oncology studies, including Dose Escalation design and complex protocol management with rigorous safety oversight. Our primary therapeutic areas include: - Hematology & Oncology - Endocrinology - Neurology - Infectious Diseases Core Services (Phase I–IV) - Full-Cycle Trial Support & Project Management - Feasibility Studies, Site Selection, & Start-Up",https://ichgcp.net/cro-list/country/uzbekistan/company/rambac
Sharq Clin Trials,sharq-clinicaltrials.com,Uzbekistan,ichgcp,,+998 90 176 01 39,"Uzbekistan, 5 Katta Darxon street, Tashkent 100052",CRO Sharq Clin Trials - a contract research organization in Central Asia (Uzbekistan) with team of professionals having more than 10 years of experience in global clinical research. We are the first CRO based in Uzbekistan providing clinical trials services and regulatory support. Our services: Regulatory support Project management Site management & monitoring Logistics Quality assurance Drug registration Conducting a clinical trial in Uzbekistan provides Sponsor companies with many benefits: Very competitive budgets costs (especially in comparison with EU and US markets).,https://ichgcp.net/cro-list/country/uzbekistan/company/sharq_clin_trials
